TARGET_TAXON,PHYLUM,CLASS,SUBCLASS,ORDER,SUBORDER,FAMILY,SUBFAMILY,GENUS,SPECIES,SUBSPECIES,,,,,,,,,,,,,,,
ACANTHOCYCLOPS,ARTHROPODA,MAXILLOPODA,COPEPODA,CYCLOPOIDA,,CYCLOPIDAE,,ACANTHOCYCLOPS,,,,,,,,,,,,,,,,,
ACANTHOCYCLOPS BREVISPINOSUS,ARTHROPODA,MAXILLOPODA,COPEPODA,CYCLOPOIDA,,CYCLOPIDAE,,ACANTHOCYCLOPS,BREVISPINOSUS,,,,,,,,,,,,,,,,
ACANTHOCYCLOPS ROBUSTUS,ARTHROPODA,MAXILLOPODA,COPEPODA,CYCLOPOIDA,,CYCLOPIDAE,,ACANTHOCYCLOPS,ROBUSTUS,,,,,,,,,,,,,,,,
ACANTHOCYCLOPS VERNALIS,ARTHROPODA,MAXILLOPODA,COPEPODA,CYCLOPOIDA,,CYCLOPIDAE,,ACANTHOCYCLOPS,VERNALIS,,,,,,,,,,,,,,,,
ACANTHODIAPTOMUS DENTICORNIS,ARTHROPODA,MAXILLOPODA,COPEPODA,CALANOIDA,,DIAPTOMIDAE,,ACANTHODIAPTOMUS,DENTICORNIS,,,,,,,,,,,,,,,,
ACANTHOLEBERIS CURVIROSTRIS,ARTHROPODA,BRANCHIOPODA,PHYLLOPODA,DIPLOSTRACA,CLADOCERA,MACROTHRICIDAE,,ACANTHOLEBERIS,CURVIROSTRIS,,,,,,,,,,,,,,,,
ACARTIA TONSA,ARTHROPODA,MAXILLOPODA,COPEPODA,CALANOIDA,,ACARTIIDAE,,ACARTIA,TONSA,,,,,,,,,,,,,,,,
ACROPERUS HARPAE,ARTHROPODA,BRANCHIOPODA,PHYLLOPODA,DIPLOSTRACA,CLADOCERA,CHYDORIDAE,,ACROPERUS,HARPAE,,,,,,,,,,,,,,,,
AGLAODIAPTOMUS,ARTHROPODA,MAXILLOPODA,COPEPODA,CALANOIDA,,DIAPTOMIDAE,,AGLAODIAPTOMUS,,,,,,,,,,,,,,,,,
AGLAODIAPTOMUS CLAVIPES,ARTHROPODA,MAXILLOPODA,COPEPODA,CALANOIDA,,DIAPTOMIDAE,,AGLAODIAPTOMUS,CLAVIPES,,,,,,,,,,,,,,,,
AGLAODIAPTOMUS FORBESI,ARTHROPODA,MAXILLOPODA,COPEPODA,CALANOIDA,,DIAPTOMIDAE,,AGLAODIAPTOMUS,FORBESI,,,,,,,,,,,,,,,,
AGLAODIAPTOMUS LEPTOPUS,ARTHROPODA,MAXILLOPODA,COPEPODA,CALANOIDA,,DIAPTOMIDAE,,AGLAODIAPTOMUS,LEPTOPUS,,,,,,,,,,,,,,,,
AGLAODIAPTOMUS LINTONI,ARTHROPODA,MAXILLOPODA,COPEPODA,CALANOIDA,,DIAPTOMIDAE,,AGLAODIAPTOMUS,LINTONI,,,,,,,,,,,,,,,,
AGLAODIAPTOMUS SASKATCHEWANENSIS,ARTHROPODA,MAXILLOPODA,COPEPODA,CALANOIDA,,DIAPTOMIDAE,,AGLAODIAPTOMUS,SASKATCHEWANENSIS,,,,,,,,,,,,,,,,
AGLAODIAPTOMUS SPATULOCRENATUS,ARTHROPODA,MAXILLOPODA,COPEPODA,CALANOIDA,,DIAPTOMIDAE,,AGLAODIAPTOMUS,SPATULOCRENATUS,,,,,,,,,,,,,,,,
ALONA,ARTHROPODA,BRANCHIOPODA,PHYLLOPODA,DIPLOSTRACA,CLADOCERA,CHYDORIDAE,,ALONA,,,,,,,,,,,,,,,,,
ALONA AFFINIS,ARTHROPODA,BRANCHIOPODA,PHYLLOPODA,DIPLOSTRACA,CLADOCERA,CHYDORIDAE,,ALONA,AFFINIS,,,,,,,,,,,,,,,,
ALONA COSTATA,ARTHROPODA,BRANCHIOPODA,PHYLLOPODA,DIPLOSTRACA,CLADOCERA,CHYDORIDAE,,ALONA,COSTATA,,,,,,,,,,,,,,,,
ALONA GUTTATA,ARTHROPODA,BRANCHIOPODA,PHYLLOPODA,DIPLOSTRACA,CLADOCERA,CHYDORIDAE,,ALONA,GUTTATA,,,,,,,,,,,,,,,,
ALONA MONACANTHA,ARTHROPODA,BRANCHIOPODA,PHYLLOPODA,DIPLOSTRACA,CLADOCERA,CHYDORIDAE,,ALONA,MONACANTHA,,,,,,,,,,,,,,,,
ALONA QUADRANGULARIS,ARTHROPODA,BRANCHIOPODA,PHYLLOPODA,DIPLOSTRACA,CLADOCERA,CHYDORIDAE,,ALONA,QUADRANGULARIS,,,,,,,,,,,,,,,,
ALONA RECTANGULA,ARTHROPODA,BRANCHIOPODA,PHYLLOPODA,DIPLOSTRACA,CLADOCERA,CHYDORIDAE,,ALONA,RECTANGULA,,,,,,,,,,,,,,,,
ALONELLA,ARTHROPODA,BRANCHIOPODA,PHYLLOPODA,DIPLOSTRACA,CLADOCERA,CHYDORIDAE,,ALONELLA,,,,,,,,,,,,,,,,,
ALONELLA ACUTIROSTRIS,ARTHROPODA,BRANCHIOPODA,PHYLLOPODA,DIPLOSTRACA,CLADOCERA,CHYDORIDAE,,ALONELLA,ACUTIROSTRIS,,,,,,,,,,,,,,,,
ALONELLA EXCISA,ARTHROPODA,BRANCHIOPODA,PHYLLOPODA,DIPLOSTRACA,CLADOCERA,CHYDORIDAE,,ALONELLA,EXCISA,,,,,,,,,,,,,,,,
ALONELLA EXIGUA,ARTHROPODA,BRANCHIOPODA,PHYLLOPODA,DIPLOSTRACA,CLADOCERA,CHYDORIDAE,,ALONELLA,EXIGUA,,,,,,,,,,,,,,,,
AMPHIPODA,ARTHROPODA,MALACOSTRACA,EUMALACOSTRACA,AMPHIPODA,,,,,,,,,,,,,,,,,,,,,
ANOSTRACA,ARTHROPODA,BRANCHIOPODA,SARSOSTRACA,ANOSTRACA,,,,,,,,,,,,,,,,,,,,,
ANURAEOPSIS,ROTIFERA,EUROTATORIA,MONOGONONTA,PLOIMA,,BRACHIONIDAE,,ANURAEOPSIS,,,,,,,,,,,,,,,,,
ANURAEOPSIS FISSA,ROTIFERA,EUROTATORIA,MONOGONONTA,PLOIMA,,BRACHIONIDAE,,ANURAEOPSIS,FISSA,,,,,,,,,,,,,,,,
APPENDICULARIA,CHORDATA,APPENDICULARIA,,,,,,,,,,,,,,,,,,,,,,,
ARCTODIAPTOMUS ARAPAHOENSIS,ARTHROPODA,MAXILLOPODA,COPEPODA,CALANOIDA,,DIAPTOMIDAE,,ARCTODIAPTOMUS,ARAPAHOENSIS,,,,,,,,,,,,,,,,
ARCTODIAPTOMUS DORSALIS,ARTHROPODA,MAXILLOPODA,COPEPODA,CALANOIDA,,DIAPTOMIDAE,,ARCTODIAPTOMUS,DORSALIS,,,,,,,,,,,,,,,,
ARCTODIAPTOMUS FLORIDANUS,ARTHROPODA,MAXILLOPODA,COPEPODA,CALANOIDA,,DIAPTOMIDAE,,ARCTODIAPTOMUS,FLORIDANUS,,,,,,,,,,,,,,,,
ARGULUS,ARTHROPODA,MAXILLOPODA,BRANCHIURA,ARGULOIDA,,ARGULIDAE,,ARGULUS,,,,,,,,,,,,,,,,,
ASCOMORPHA,ROTIFERA,EUROTATORIA,MONOGONONTA,PLOIMA,,GASTROPODIDAE,,ASCOMORPHA,,,,,,,,,,,,,,,,,
ASCOMORPHA AGILIS,ROTIFERA,EUROTATORIA,MONOGONONTA,PLOIMA,,GASTROPODIDAE,,ASCOMORPHA,AGILIS,,,,,,,,,,,,,,,,
ASCOMORPHA ECAUDIS,ROTIFERA,EUROTATORIA,MONOGONONTA,PLOIMA,,GASTROPODIDAE,,ASCOMORPHA,ECAUDIS,,,,,,,,,,,,,,,,
ASCOMORPHA OVALIS,ROTIFERA,EUROTATORIA,MONOGONONTA,PLOIMA,,GASTROPODIDAE,,ASCOMORPHA,OVALIS,,,,,,,,,,,,,,,,
ASCOMORPHA SALTANS,ROTIFERA,EUROTATORIA,MONOGONONTA,PLOIMA,,GASTROPODIDAE,,ASCOMORPHA,SALTANS,,,,,,,,,,,,,,,,
ASCOMORPHELLA VOLVOCICOLA,ROTIFERA,EUROTATORIA,MONOGONONTA,PLOIMA,,TRICHOCERCIDAE,,ASCOMORPHELLA,VOLVOCICOLA,,,,,,,,,,,,,,,,
ASPLANCHNA,ROTIFERA,EUROTATORIA,MONOGONONTA,PLOIMA,,ASPLANCHNIDAE,,ASPLANCHNA,,,,,,,,,,,,,,,,,
ASPLANCHNA BRIGHTWELLII,ROTIFERA,EUROTATORIA,MONOGONONTA,PLOIMA,,ASPLANCHNIDAE,,ASPLANCHNA,BRIGHTWELLII,,,,,,,,,,,,,,,,
ASPLANCHNA GIRODI,ROTIFERA,EUROTATORIA,MONOGONONTA,PLOIMA,,ASPLANCHNIDAE,,ASPLANCHNA,GIRODI,,,,,,,,,,,,,,,,
ASPLANCHNA HERRICKII,ROTIFERA,EUROTATORIA,MONOGONONTA,PLOIMA,,ASPLANCHNIDAE,,ASPLANCHNA,HERRICKII,,,,,,,,,,,,,,,,
ASPLANCHNA PRIODONTA,ROTIFERA,EUROTATORIA,MONOGONONTA,PLOIMA,,ASPLANCHNIDAE,,ASPLANCHNA,PRIODONTA,,,,,,,,,,,,,,,,
ASPLANCHNA SILVESTRII,ROTIFERA,EUROTATORIA,MONOGONONTA,PLOIMA,,ASPLANCHNIDAE,,ASPLANCHNA,SILVESTRII,,,,,,,,,,,,,,,,
ASPLANCHNOPUS,ROTIFERA,EUROTATORIA,MONOGONONTA,PLOIMA,,ASPLANCHNIDAE,,ASPLANCHNOPUS,,,,,,,,,,,,,,,,,
ASPLANCHNOPUS MULTICEPS,ROTIFERA,EUROTATORIA,MONOGONONTA,PLOIMA,,ASPLANCHNIDAE,,ASPLANCHNOPUS,MULTICEPS,,,,,,,,,,,,,,,,
BALANUS,ARTHROPODA,MAXILLOPODA,THECOSTRACA,SESSILIA,BALANOMORPHA,BALANIDAE,,BALANUS,,,,,,,,,,,,,,,,,
BDELLOIDEA,ROTIFERA,EUROTATORIA,BDELLOIDEA,,,,,,,,,,,,,,,,,,,,,,
BIVALVIA,MOLLUSCA,BIVALVIA,,,,,,,,,,,,,,,,,,,,,,,
BOSMINA,ARTHROPODA,BRANCHIOPODA,PHYLLOPODA,DIPLOSTRACA,CLADOCERA,BOSMINIDAE,,BOSMINA,,,,,,,,,,,,,,,,,
BOSMINA COREGONI,ARTHROPODA,BRANCHIOPODA,PHYLLOPODA,DIPLOSTRACA,CLADOCERA,BOSMINIDAE,,BOSMINA,COREGONI,,,,,,,,,,,,,,,,
BOSMINA LONGIROSTRIS,ARTHROPODA,BRANCHIOPODA,PHYLLOPODA,DIPLOSTRACA,CLADOCERA,BOSMINIDAE,,BOSMINA,LONGIROSTRIS,,,,,,,,,,,,,,,,
BOSMINIDAE,ARTHROPODA,BRANCHIOPODA,PHYLLOPODA,DIPLOSTRACA,CLADOCERA,BOSMINIDAE,,,,,,,,,,,,,,,,,,,
BOSMINOPSIS DEITERSI,ARTHROPODA,BRANCHIOPODA,PHYLLOPODA,DIPLOSTRACA,CLADOCERA,BOSMINIDAE,,BOSMINOPSIS,DEITERSI,,,,,,,,,,,,,,,,
BRACHIONUS,ROTIFERA,EUROTATORIA,MONOGONONTA,PLOIMA,,BRACHIONIDAE,,BRACHIONUS,,,,,,,,,,,,,,,,,
BRACHIONUS ANGULARIS,ROTIFERA,EUROTATORIA,MONOGONONTA,PLOIMA,,BRACHIONIDAE,,BRACHIONUS,ANGULARIS,,,,,,,,,,,,,,,,
BRACHIONUS BIDENTATA,ROTIFERA,EUROTATORIA,MONOGONONTA,PLOIMA,,BRACHIONIDAE,,BRACHIONUS,BIDENTATA,,,,,,,,,,,,,,,,
BRACHIONUS BUDAPESTINENSIS,ROTIFERA,EUROTATORIA,MONOGONONTA,PLOIMA,,BRACHIONIDAE,,BRACHIONUS,BUDAPESTINENSIS,,,,,,,,,,,,,,,,
BRACHIONUS CALYCIFLORUS,ROTIFERA,EUROTATORIA,MONOGONONTA,PLOIMA,,BRACHIONIDAE,,BRACHIONUS,CALYCIFLORUS,,,,,,,,,,,,,,,,
BRACHIONUS CAUDATUS,ROTIFERA,EUROTATORIA,MONOGONONTA,PLOIMA,,BRACHIONIDAE,,BRACHIONUS,CAUDATUS,,,,,,,,,,,,,,,,
BRACHIONUS CAUDATUS PERSONATA,ROTIFERA,EUROTATORIA,MONOGONONTA,PLOIMA,,BRACHIONIDAE,,BRACHIONUS,CAUDATUS,PERSONATA,,,,,,,,,,,,,,,
BRACHIONUS DIMIDIATUS,ROTIFERA,EUROTATORIA,MONOGONONTA,PLOIMA,,BRACHIONIDAE,,BRACHIONUS,DIMIDIATUS,,,,,,,,,,,,,,,,
BRACHIONUS FALCATUS,ROTIFERA,EUROTATORIA,MONOGONONTA,PLOIMA,,BRACHIONIDAE,,BRACHIONUS,FALCATUS,,,,,,,,,,,,,,,,
BRACHIONUS FORFICULA,ROTIFERA,EUROTATORIA,MONOGONONTA,PLOIMA,,BRACHIONIDAE,,BRACHIONUS,FORFICULA,,,,,,,,,,,,,,,,
BRACHIONUS HAVANAENSIS,ROTIFERA,EUROTATORIA,MONOGONONTA,PLOIMA,,BRACHIONIDAE,,BRACHIONUS,HAVANAENSIS,,,,,,,,,,,,,,,,
BRACHIONUS NILSONI,ROTIFERA,EUROTATORIA,MONOGONONTA,PLOIMA,,BRACHIONIDAE,,BRACHIONUS,NILSONI,,,,,,,,,,,,,,,,
BRACHIONUS NOVAE-ZELANDIAE,ROTIFERA,EUROTATORIA,MONOGONONTA,PLOIMA,,BRACHIONIDAE,,BRACHIONUS,NOVAE-ZELANDIAE,,,,,,,,,,,,,,,,
BRACHIONUS PATULUS,ROTIFERA,EUROTATORIA,MONOGONONTA,PLOIMA,,BRACHIONIDAE,,BRACHIONUS,PATULUS,,,,,,,,,,,,,,,,
BRACHIONUS PLICATILIS,ROTIFERA,EUROTATORIA,MONOGONONTA,PLOIMA,,BRACHIONIDAE,,BRACHIONUS,PLICATILIS,,,,,,,,,,,,,,,,
BRACHIONUS QUADRIDENTATUS,ROTIFERA,EUROTATORIA,MONOGONONTA,PLOIMA,,BRACHIONIDAE,,BRACHIONUS,QUADRIDENTATUS,,,,,,,,,,,,,,,,
BRACHIONUS QUADRIDENTATUS BREVISPINUS,ROTIFERA,EUROTATORIA,MONOGONONTA,PLOIMA,,BRACHIONIDAE,,BRACHIONUS,QUADRIDENTATUS,BREVISPINUS,,,,,,,,,,,,,,,
BRACHIONUS QUADRIDENTATUS MELHENI,ROTIFERA,EUROTATORIA,MONOGONONTA,PLOIMA,,BRACHIONIDAE,,BRACHIONUS,QUADRIDENTATUS,MELHENI,,,,,,,,,,,,,,,
BRACHIONUS RUBENS,ROTIFERA,EUROTATORIA,MONOGONONTA,PLOIMA,,BRACHIONIDAE,,BRACHIONUS,RUBENS,,,,,,,,,,,,,,,,
BRACHIONUS SATANICUS,ROTIFERA,EUROTATORIA,MONOGONONTA,PLOIMA,,BRACHIONIDAE,,BRACHIONUS,SATANICUS,,,,,,,,,,,,,,,,
BRACHIONUS URCEOLARIS,ROTIFERA,EUROTATORIA,MONOGONONTA,PLOIMA,,BRACHIONIDAE,,BRACHIONUS,URCEOLARIS,,,,,,,,,,,,,,,,
BRACHIONUS VARIABILIS,ROTIFERA,EUROTATORIA,MONOGONONTA,PLOIMA,,BRACHIONIDAE,,BRACHIONUS,VARIABILIS,,,,,,,,,,,,,,,,
BRACHIONUS ZAHNISERI,ROTIFERA,EUROTATORIA,MONOGONONTA,PLOIMA,,BRACHIONIDAE,,BRACHIONUS,ZAHNISERI,,,,,,,,,,,,,,,,
CALANOIDA,ARTHROPODA,MAXILLOPODA,COPEPODA,CALANOIDA,,,,,,,,,,,,,,,,,,,,,
CAMPTOCERCUS,ARTHROPODA,BRANCHIOPODA,PHYLLOPODA,DIPLOSTRACA,CLADOCERA,CHYDORIDAE,,CAMPTOCERCUS,,,,,,,,,,,,,,,,,
CAMPTOCERCUS OKLAHOMENSIS,ARTHROPODA,BRANCHIOPODA,PHYLLOPODA,DIPLOSTRACA,CLADOCERA,CHYDORIDAE,,CAMPTOCERCUS,OKLAHOMENSIS,,,,,,,,,,,,,,,,
CAMPTOCERCUS RECTIROSTRIS,ARTHROPODA,BRANCHIOPODA,PHYLLOPODA,DIPLOSTRACA,CLADOCERA,CHYDORIDAE,,CAMPTOCERCUS,RECTIROSTRIS,,,,,,,,,,,,,,,,
CEPHALODELLA,ROTIFERA,EUROTATORIA,MONOGONONTA,PLOIMA,,NOTOMMATIDAE,,CEPHALODELLA,,,,,,,,,,,,,,,,,
CEPHALODELLA FORFICULA,ROTIFERA,EUROTATORIA,MONOGONONTA,PLOIMA,,NOTOMMATIDAE,,CEPHALODELLA,FORFICULA,,,,,,,,,,,,,,,,
CEPHALODELLA GIBBA,ROTIFERA,EUROTATORIA,MONOGONONTA,PLOIMA,,NOTOMMATIDAE,,CEPHALODELLA,GIBBA,,,,,,,,,,,,,,,,
CERCOPAGIS PENGOI,ARTHROPODA,BRANCHIOPODA,PHYLLOPODA,DIPLOSTRACA,CLADOCERA,CERCOPAGIDIDAE,,CERCOPAGIS,PENGOI,,,,,,,,,,,,,,,,
CERIODAPHNIA,ARTHROPODA,BRANCHIOPODA,PHYLLOPODA,DIPLOSTRACA,CLADOCERA,DAPHNIIDAE,,CERIODAPHNIA,,,,,,,,,,,,,,,,,
CERIODAPHNIA CORNUTA,ARTHROPODA,BRANCHIOPODA,PHYLLOPODA,DIPLOSTRACA,CLADOCERA,DAPHNIIDAE,,CERIODAPHNIA,CORNUTA,,,,,,,,,,,,,,,,
CERIODAPHNIA DUBIA,ARTHROPODA,BRANCHIOPODA,PHYLLOPODA,DIPLOSTRACA,CLADOCERA,DAPHNIIDAE,,CERIODAPHNIA,DUBIA,,,,,,,,,,,,,,,,
CERIODAPHNIA LACUSTRIS,ARTHROPODA,BRANCHIOPODA,PHYLLOPODA,DIPLOSTRACA,CLADOCERA,DAPHNIIDAE,,CERIODAPHNIA,LACUSTRIS,,,,,,,,,,,,,,,,
CERIODAPHNIA QUADRANGULA,ARTHROPODA,BRANCHIOPODA,PHYLLOPODA,DIPLOSTRACA,CLADOCERA,DAPHNIIDAE,,CERIODAPHNIA,QUADRANGULA,,,,,,,,,,,,,,,,
CERIODAPHNIA RETICULATA,ARTHROPODA,BRANCHIOPODA,PHYLLOPODA,DIPLOSTRACA,CLADOCERA,DAPHNIIDAE,,CERIODAPHNIA,RETICULATA,,,,,,,,,,,,,,,,
CHAOBORUS,ARTHROPODA,INSECTA,PTERYGOTA,DIPTERA,NEMATOCERA,CHAOBORIDAE,CHAOBORINAE,CHAOBORUS,,,,,,,,,,,,,,,,,
CHYDORIDAE,ARTHROPODA,BRANCHIOPODA,PHYLLOPODA,DIPLOSTRACA,CLADOCERA,CHYDORIDAE,,,,,,,,,,,,,,,,,,,
CHYDORUS,ARTHROPODA,BRANCHIOPODA,PHYLLOPODA,DIPLOSTRACA,CLADOCERA,CHYDORIDAE,,CHYDORUS,,,,,,,,,,,,,,,,,
CHYDORUS BICORNUTUS,ARTHROPODA,BRANCHIOPODA,PHYLLOPODA,DIPLOSTRACA,CLADOCERA,CHYDORIDAE,,CHYDORUS,BICORNUTUS,,,,,,,,,,,,,,,,
CHYDORUS SPHAERICUS,ARTHROPODA,BRANCHIOPODA,PHYLLOPODA,DIPLOSTRACA,CLADOCERA,CHYDORIDAE,,CHYDORUS,SPHAERICUS,,,,,,,,,,,,,,,,
CLADOCERA,ARTHROPODA,BRANCHIOPODA,PHYLLOPODA,DIPLOSTRACA,CLADOCERA,,,,,,,,,,,,,,,,,,,,
COLLOTHECA,ROTIFERA,EUROTATORIA,MONOGONONTA,COLLOTHECACEAE,,COLLOTHECIDAE,,COLLOTHECA,,,,,,,,,,,,,,,,,
COLLOTHECA LIBERA,ROTIFERA,EUROTATORIA,MONOGONONTA,COLLOTHECACEAE,,COLLOTHECIDAE,,COLLOTHECA,LIBERA,,,,,,,,,,,,,,,,
COLLOTHECA MUTABILIS,ROTIFERA,EUROTATORIA,MONOGONONTA,COLLOTHECACEAE,,COLLOTHECIDAE,,COLLOTHECA,MUTABILIS,,,,,,,,,,,,,,,,
COLLOTHECA ORNATA,ROTIFERA,EUROTATORIA,MONOGONONTA,COLLOTHECACEAE,,COLLOTHECIDAE,,COLLOTHECA,ORNATA,,,,,,,,,,,,,,,,
COLLOTHECA ORNATA NATANS,ROTIFERA,EUROTATORIA,MONOGONONTA,COLLOTHECACEAE,,COLLOTHECIDAE,,COLLOTHECA,ORNATA,NATANS,,,,,,,,,,,,,,,
COLLOTHECA PELAGICA,ROTIFERA,EUROTATORIA,MONOGONONTA,COLLOTHECACEAE,,COLLOTHECIDAE,,COLLOTHECA,PELAGICA,,,,,,,,,,,,,,,,
COLLOTHECA TRILOBA,ROTIFERA,EUROTATORIA,MONOGONONTA,COLLOTHECACEAE,,COLLOTHECIDAE,,COLLOTHECA,TRILOBA,,,,,,,,,,,,,,,,
COLURELLA,ROTIFERA,EUROTATORIA,MONOGONONTA,PLOIMA,,LEPADELLIDAE,,COLURELLA,,,,,,,,,,,,,,,,,
COLURELLA ADRIATICA,ROTIFERA,EUROTATORIA,MONOGONONTA,PLOIMA,,LEPADELLIDAE,,COLURELLA,ADRIATICA,,,,,,,,,,,,,,,,
COLURELLA HINDENBURGI,ROTIFERA,EUROTATORIA,MONOGONONTA,PLOIMA,,LEPADELLIDAE,,COLURELLA,HINDENBURGI,,,,,,,,,,,,,,,,
COLURELLA OBLONGA,ROTIFERA,EUROTATORIA,MONOGONONTA,PLOIMA,,LEPADELLIDAE,,COLURELLA,OBLONGA,,,,,,,,,,,,,,,,
COLURELLA UNCINATA,ROTIFERA,EUROTATORIA,MONOGONONTA,PLOIMA,,LEPADELLIDAE,,COLURELLA,UNCINATA,,,,,,,,,,,,,,,,
COLURELLA UNCINATA BICUSPIDATA,ROTIFERA,EUROTATORIA,MONOGONONTA,PLOIMA,,LEPADELLIDAE,,COLURELLA,UNCINATA,BICUSPIDATA,,,,,,,,,,,,,,,
CONOCHILOIDES,ROTIFERA,EUROTATORIA,MONOGONONTA,FLOSCULARIACEAE,,CONOCHILIDAE,,CONOCHILOIDES,,,,,,,,,,,,,,,,,
CONOCHILOIDES COENOBASIS,ROTIFERA,EUROTATORIA,MONOGONONTA,FLOSCULARIACEAE,,CONOCHILIDAE,,CONOCHILOIDES,COENOBASIS,,,,,,,,,,,,,,,,
CONOCHILOIDES DOSSUARIUS,ROTIFERA,EUROTATORIA,MONOGONONTA,FLOSCULARIACEAE,,CONOCHILIDAE,,CONOCHILOIDES,DOSSUARIUS,,,,,,,,,,,,,,,,
CONOCHILOIDES NATANS,ROTIFERA,EUROTATORIA,MONOGONONTA,FLOSCULARIACEAE,,CONOCHILIDAE,,CONOCHILOIDES,NATANS,,,,,,,,,,,,,,,,
CONOCHILUS,ROTIFERA,EUROTATORIA,MONOGONONTA,FLOSCULARIACEAE,,CONOCHILIDAE,,CONOCHILUS,,,,,,,,,,,,,,,,,
CONOCHILUS HIPPOCREPIS,ROTIFERA,EUROTATORIA,MONOGONONTA,FLOSCULARIACEAE,,CONOCHILIDAE,,CONOCHILUS,HIPPOCREPIS,,,,,,,,,,,,,,,,
CONOCHILUS UNICORNIS,ROTIFERA,EUROTATORIA,MONOGONONTA,FLOSCULARIACEAE,,CONOCHILIDAE,,CONOCHILUS,UNICORNIS,,,,,,,,,,,,,,,,
COPEPODA,ARTHROPODA,MAXILLOPODA,COPEPODA,,,,,,,,,,,,,,,,,,,,,,
CYCLOPOIDA,ARTHROPODA,MAXILLOPODA,COPEPODA,CYCLOPOIDA,,,,,,,,,,,,,,,,,,,,,
CYCLOPS SCUTIFER,ARTHROPODA,MAXILLOPODA,COPEPODA,CYCLOPOIDA,,CYCLOPIDAE,,CYCLOPS,SCUTIFER,,,,,,,,,,,,,,,,
CYPRIDIDAE,ARTHROPODA,OSTRACODA,PODOCOPA,PODOCOPIDA,,CYPRIDIDAE,,,,,,,,,,,,,,,,,,,
DAPHNIA,ARTHROPODA,BRANCHIOPODA,PHYLLOPODA,DIPLOSTRACA,CLADOCERA,DAPHNIIDAE,,DAPHNIA,,,,,,,,,,,,,,,,,
DAPHNIA AMBIGUA,ARTHROPODA,BRANCHIOPODA,PHYLLOPODA,DIPLOSTRACA,CLADOCERA,DAPHNIIDAE,,DAPHNIA,AMBIGUA,,,,,,,,,,,,,,,,
DAPHNIA CATAWBA,ARTHROPODA,BRANCHIOPODA,PHYLLOPODA,DIPLOSTRACA,CLADOCERA,DAPHNIIDAE,,DAPHNIA,CATAWBA,,,,,,,,,,,,,,,,
DAPHNIA DENTIFERA,ARTHROPODA,BRANCHIOPODA,PHYLLOPODA,DIPLOSTRACA,CLADOCERA,DAPHNIIDAE,,DAPHNIA,DENTIFERA,,,,,,,,,,,,,,,,
DAPHNIA DUBIA,ARTHROPODA,BRANCHIOPODA,PHYLLOPODA,DIPLOSTRACA,CLADOCERA,DAPHNIIDAE,,DAPHNIA,DUBIA,,,,,,,,,,,,,,,,
DAPHNIA EXILIS,ARTHROPODA,BRANCHIOPODA,PHYLLOPODA,DIPLOSTRACA,CLADOCERA,DAPHNIIDAE,,DAPHNIA,EXILIS,,,,,,,,,,,,,,,,
DAPHNIA GALEATA,ARTHROPODA,BRANCHIOPODA,PHYLLOPODA,DIPLOSTRACA,CLADOCERA,DAPHNIIDAE,,DAPHNIA,GALEATA,,,,,,,,,,,,,,,,
DAPHNIA GALEATA MENDOTAE,ARTHROPODA,BRANCHIOPODA,PHYLLOPODA,DIPLOSTRACA,CLADOCERA,DAPHNIIDAE,,DAPHNIA,GALEATA,MENDOTAE,,,,,,,,,,,,,,,
DAPHNIA LAEVIS,ARTHROPODA,BRANCHIOPODA,PHYLLOPODA,DIPLOSTRACA,CLADOCERA,DAPHNIIDAE,,DAPHNIA,LAEVIS,,,,,,,,,,,,,,,,
DAPHNIA LONGIREMIS,ARTHROPODA,BRANCHIOPODA,PHYLLOPODA,DIPLOSTRACA,CLADOCERA,DAPHNIIDAE,,DAPHNIA,LONGIREMIS,,,,,,,,,,,,,,,,
DAPHNIA LUMHOLTZI,ARTHROPODA,BRANCHIOPODA,PHYLLOPODA,DIPLOSTRACA,CLADOCERA,DAPHNIIDAE,,DAPHNIA,LUMHOLTZI,,,,,,,,,,,,,,,,
DAPHNIA MAGNA,ARTHROPODA,BRANCHIOPODA,PHYLLOPODA,DIPLOSTRACA,CLADOCERA,DAPHNIIDAE,,DAPHNIA,MAGNA,,,,,,,,,,,,,,,,
DAPHNIA MIDDENDORFFIANA,ARTHROPODA,BRANCHIOPODA,PHYLLOPODA,DIPLOSTRACA,CLADOCERA,DAPHNIIDAE,,DAPHNIA,MIDDENDORFFIANA,,,,,,,,,,,,,,,,
DAPHNIA MINNEHAHA,ARTHROPODA,BRANCHIOPODA,PHYLLOPODA,DIPLOSTRACA,CLADOCERA,DAPHNIIDAE,,DAPHNIA,MINNEHAHA,,,,,,,,,,,,,,,,
DAPHNIA PARVULA,ARTHROPODA,BRANCHIOPODA,PHYLLOPODA,DIPLOSTRACA,CLADOCERA,DAPHNIIDAE,,DAPHNIA,PARVULA,,,,,,,,,,,,,,,,
DAPHNIA PILEATA,ARTHROPODA,BRANCHIOPODA,PHYLLOPODA,DIPLOSTRACA,CLADOCERA,DAPHNIIDAE,,DAPHNIA,PILEATA,,,,,,,,,,,,,,,,
DAPHNIA PROLATA,ARTHROPODA,BRANCHIOPODA,PHYLLOPODA,DIPLOSTRACA,CLADOCERA,DAPHNIIDAE,,DAPHNIA,PROLATA,,,,,,,,,,,,,,,,
DAPHNIA PULEX,ARTHROPODA,BRANCHIOPODA,PHYLLOPODA,DIPLOSTRACA,CLADOCERA,DAPHNIIDAE,,DAPHNIA,PULEX,,,,,,,,,,,,,,,,
DAPHNIA PULICARIA,ARTHROPODA,BRANCHIOPODA,PHYLLOPODA,DIPLOSTRACA,CLADOCERA,DAPHNIIDAE,,DAPHNIA,PULICARIA,,,,,,,,,,,,,,,,
DAPHNIA RETROCURVA,ARTHROPODA,BRANCHIOPODA,PHYLLOPODA,DIPLOSTRACA,CLADOCERA,DAPHNIIDAE,,DAPHNIA,RETROCURVA,,,,,,,,,,,,,,,,
DAPHNIA ROSEA,ARTHROPODA,BRANCHIOPODA,PHYLLOPODA,DIPLOSTRACA,CLADOCERA,DAPHNIIDAE,,DAPHNIA,ROSEA,,,,,,,,,,,,,,,,
DAPHNIA SCHODLERI,ARTHROPODA,BRANCHIOPODA,PHYLLOPODA,DIPLOSTRACA,CLADOCERA,DAPHNIIDAE,,DAPHNIA,SCHODLERI,,,,,,,,,,,,,,,,
DAPHNIA THORATA,ARTHROPODA,BRANCHIOPODA,PHYLLOPODA,DIPLOSTRACA,CLADOCERA,DAPHNIIDAE,,DAPHNIA,THORATA,,,,,,,,,,,,,,,,
DIACYCLOPS LANGUIDOIDES,ARTHROPODA,MAXILLOPODA,COPEPODA,CYCLOPOIDA,,CYCLOPIDAE,,DIACYCLOPS,LANGUIDOIDES,,,,,,,,,,,,,,,,
DIACYCLOPS NAVUS,ARTHROPODA,MAXILLOPODA,COPEPODA,CYCLOPOIDA,,CYCLOPIDAE,,DIACYCLOPS,NAVUS,,,,,,,,,,,,,,,,
DIACYCLOPS THOMASI,ARTHROPODA,MAXILLOPODA,COPEPODA,CYCLOPOIDA,,CYCLOPIDAE,,DIACYCLOPS,THOMASI,,,,,,,,,,,,,,,,
DIAPHANOSOMA,ARTHROPODA,BRANCHIOPODA,PHYLLOPODA,DIPLOSTRACA,CLADOCERA,SIDIDAE,,DIAPHANOSOMA,,,,,,,,,,,,,,,,,
DIAPHANOSOMA BIRGEI,ARTHROPODA,BRANCHIOPODA,PHYLLOPODA,DIPLOSTRACA,CLADOCERA,SIDIDAE,,DIAPHANOSOMA,BIRGEI,,,,,,,,,,,,,,,,
DIAPHANOSOMA BRACHYURUM,ARTHROPODA,BRANCHIOPODA,PHYLLOPODA,DIPLOSTRACA,CLADOCERA,SIDIDAE,,DIAPHANOSOMA,BRACHYURUM,,,,,,,,,,,,,,,,
DIAPTOMIDAE,ARTHROPODA,MAXILLOPODA,COPEPODA,CALANOIDA,,DIAPTOMIDAE,,,,,,,,,,,,,,,,,,,
DIAPTOMUS DORSALIS,ARTHROPODA,MAXILLOPODA,COPEPODA,CALANOIDA,,DIAPTOMIDAE,,DIAPTOMUS,DORSALIS,,,,,,,,,,,,,,,,
DIPLEUCHLANIS PROPATULA,ROTIFERA,EUROTATORIA,MONOGONONTA,PLOIMA,,EUCHLANIDAE,,DIPLEUCHLANIS,PROPATULA,,,,,,,,,,,,,,,,
DISPARALONA HAMATA,ARTHROPODA,BRANCHIOPODA,PHYLLOPODA,DIPLOSTRACA,CLADOCERA,CHYDORIDAE,,DISPARALONA,HAMATA,,,,,,,,,,,,,,,,
DISSOTROCHA,ROTIFERA,EUROTATORIA,BDELLOIDEA,,,PHILODINIDAE,,DISSOTROCHA,,,,,,,,,,,,,,,,,
DISSOTROCHA ACULEATA,ROTIFERA,EUROTATORIA,BDELLOIDEA,,,PHILODINIDAE,,DISSOTROCHA,ACULEATA,,,,,,,,,,,,,,,,
DREISSENA,MOLLUSCA,BIVALVIA,HETERODONTA,VENEROIDA,,DREISSENIDAE,,DREISSENA,,,,,,,,,,,,,,,,,
DREISSENA BUGENSIS,MOLLUSCA,BIVALVIA,HETERODONTA,VENEROIDA,,DREISSENIDAE,,DREISSENA,BUGENSIS,,,,,,,,,,,,,,,,
DREISSENA POLYMORPHA,MOLLUSCA,BIVALVIA,HETERODONTA,VENEROIDA,,DREISSENIDAE,,DREISSENA,POLYMORPHA,,,,,,,,,,,,,,,,
DREPANOTHRIX DENTATA,ARTHROPODA,BRANCHIOPODA,PHYLLOPODA,DIPLOSTRACA,CLADOCERA,MACROTHRICIDAE,,DREPANOTHRIX,DENTATA,,,,,,,,,,,,,,,,
DUNHEVEDIA CRASSA,ARTHROPODA,BRANCHIOPODA,PHYLLOPODA,DIPLOSTRACA,CLADOCERA,CHYDORIDAE,,DUNHEVEDIA,CRASSA,,,,,,,,,,,,,,,,
ENCENTRUM,ROTIFERA,EUROTATORIA,MONOGONONTA,PLOIMA,,DICRANOPHORIDAE,,ENCENTRUM,,,,,,,,,,,,,,,,,
EPIPHANES,ROTIFERA,EUROTATORIA,MONOGONONTA,PLOIMA,,EPIPHANIDAE,,EPIPHANES,,,,,,,,,,,,,,,,,
EPIPHANES CLAVATULA,ROTIFERA,EUROTATORIA,MONOGONONTA,PLOIMA,,EPIPHANIDAE,,EPIPHANES,CLAVATULA,,,,,,,,,,,,,,,,
EPIPHANES MACROURA,ROTIFERA,EUROTATORIA,MONOGONONTA,PLOIMA,,EPIPHANIDAE,,EPIPHANES,MACROURA,,,,,,,,,,,,,,,,
EPIPHANES PELAGICA,ROTIFERA,EUROTATORIA,MONOGONONTA,PLOIMA,,EPIPHANIDAE,,EPIPHANES,PELAGICA,,,,,,,,,,,,,,,,
EPISCHURA,ARTHROPODA,MAXILLOPODA,COPEPODA,CALANOIDA,,TEMORIDAE,,EPISCHURA,,,,,,,,,,,,,,,,,
EPISCHURA FLUVIATILIS,ARTHROPODA,MAXILLOPODA,COPEPODA,CALANOIDA,,TEMORIDAE,,EPISCHURA,FLUVIATILIS,,,,,,,,,,,,,,,,
EPISCHURA LACUSTRIS,ARTHROPODA,MAXILLOPODA,COPEPODA,CALANOIDA,,TEMORIDAE,,EPISCHURA,LACUSTRIS,,,,,,,,,,,,,,,,
EPISCHURA NEVADENSIS,ARTHROPODA,MAXILLOPODA,COPEPODA,CALANOIDA,,TEMORIDAE,,EPISCHURA,NEVADENSIS,,,,,,,,,,,,,,,,
EPISCHURA NORDENSKIOLDI,ARTHROPODA,MAXILLOPODA,COPEPODA,CALANOIDA,,TEMORIDAE,,EPISCHURA,NORDENSKIOLDI,,,,,,,,,,,,,,,,
ERGASILIDAE,ARTHROPODA,MAXILLOPODA,COPEPODA,POECILOSTOMATOIDA,,ERGASILIDAE,,,,,,,,,,,,,,,,,,,
ERGASILUS,ARTHROPODA,MAXILLOPODA,COPEPODA,POECILOSTOMATOIDA,,ERGASILIDAE,,ERGASILUS,,,,,,,,,,,,,,,,,
ERGASILUS ARTHROSIS,ARTHROPODA,MAXILLOPODA,COPEPODA,POECILOSTOMATOIDA,,ERGASILIDAE,,ERGASILUS,ARTHROSIS,,,,,,,,,,,,,,,,
ERGASILUS MEGACEROS,ARTHROPODA,MAXILLOPODA,COPEPODA,POECILOSTOMATOIDA,,ERGASILIDAE,,ERGASILUS,MEGACEROS,,,,,,,,,,,,,,,,
ERGASILUS VERSICOLOR,ARTHROPODA,MAXILLOPODA,COPEPODA,POECILOSTOMATOIDA,,ERGASILIDAE,,ERGASILUS,VERSICOLOR,,,,,,,,,,,,,,,,
EUBOSMINA,ARTHROPODA,BRANCHIOPODA,PHYLLOPODA,DIPLOSTRACA,CLADOCERA,BOSMINIDAE,,EUBOSMINA,,,,,,,,,,,,,,,,,
EUBOSMINA COREGONI,ARTHROPODA,BRANCHIOPODA,PHYLLOPODA,DIPLOSTRACA,CLADOCERA,BOSMINIDAE,,EUBOSMINA,COREGONI,,,,,,,,,,,,,,,,
EUBOSMINA HAGMANNI,ARTHROPODA,BRANCHIOPODA,PHYLLOPODA,DIPLOSTRACA,CLADOCERA,BOSMINIDAE,,EUBOSMINA,HAGMANNI,,,,,,,,,,,,,,,,
EUBOSMINA LONGISPINA,ARTHROPODA,BRANCHIOPODA,PHYLLOPODA,DIPLOSTRACA,CLADOCERA,BOSMINIDAE,,EUBOSMINA,LONGISPINA,,,,,,,,,,,,,,,,
EUBOSMINA TUBICEN,ARTHROPODA,BRANCHIOPODA,PHYLLOPODA,DIPLOSTRACA,CLADOCERA,BOSMINIDAE,,EUBOSMINA,TUBICEN,,,,,,,,,,,,,,,,
EUCHLANIS,ROTIFERA,EUROTATORIA,MONOGONONTA,PLOIMA,,EUCHLANIDAE,,EUCHLANIS,,,,,,,,,,,,,,,,,
EUCHLANIS ALATA,ROTIFERA,EUROTATORIA,MONOGONONTA,PLOIMA,,EUCHLANIDAE,,EUCHLANIS,ALATA,,,,,,,,,,,,,,,,
EUCHLANIS CALPIDIA,ROTIFERA,EUROTATORIA,MONOGONONTA,PLOIMA,,EUCHLANIDAE,,EUCHLANIS,CALPIDIA,,,,,,,,,,,,,,,,
EUCHLANIS DILATATA,ROTIFERA,EUROTATORIA,MONOGONONTA,PLOIMA,,EUCHLANIDAE,,EUCHLANIS,DILATATA,,,,,,,,,,,,,,,,
EUCHLANIS MENETA,ROTIFERA,EUROTATORIA,MONOGONONTA,PLOIMA,,EUCHLANIDAE,,EUCHLANIS,MENETA,,,,,,,,,,,,,,,,
EUCHLANIS PARVA,ROTIFERA,EUROTATORIA,MONOGONONTA,PLOIMA,,EUCHLANIDAE,,EUCHLANIS,PARVA,,,,,,,,,,,,,,,,
EUCHLANIS PROPATULA,ROTIFERA,EUROTATORIA,MONOGONONTA,PLOIMA,,EUCHLANIDAE,,EUCHLANIS,PROPATULA,,,,,,,,,,,,,,,,
EUCHLANIS TRIQUETRA,ROTIFERA,EUROTATORIA,MONOGONONTA,PLOIMA,,EUCHLANIDAE,,EUCHLANIS,TRIQUETRA,,,,,,,,,,,,,,,,
EUCYCLOPS,ARTHROPODA,MAXILLOPODA,COPEPODA,CYCLOPOIDA,,CYCLOPIDAE,,EUCYCLOPS,,,,,,,,,,,,,,,,,
EUCYCLOPS AGILIS,ARTHROPODA,MAXILLOPODA,COPEPODA,CYCLOPOIDA,,CYCLOPIDAE,,EUCYCLOPS,AGILIS,,,,,,,,,,,,,,,,
EUCYCLOPS AGILIS MONTANUS,ARTHROPODA,MAXILLOPODA,COPEPODA,CYCLOPOIDA,,CYCLOPIDAE,,EUCYCLOPS,AGILIS,MONTANUS,,,,,,,,,,,,,,,
EUCYCLOPS ELEGANS,ARTHROPODA,MAXILLOPODA,COPEPODA,CYCLOPOIDA,,CYCLOPIDAE,,EUCYCLOPS,ELEGANS,,,,,,,,,,,,,,,,
EUCYCLOPS PECTINIFER,ARTHROPODA,MAXILLOPODA,COPEPODA,CYCLOPOIDA,,CYCLOPIDAE,,EUCYCLOPS,PECTINIFER,,,,,,,,,,,,,,,,
EUCYCLOPS PRIONOPHORUS,ARTHROPODA,MAXILLOPODA,COPEPODA,CYCLOPOIDA,,CYCLOPIDAE,,EUCYCLOPS,PRIONOPHORUS,,,,,,,,,,,,,,,,
EURYCERCUS LAMELLATUS,ARTHROPODA,BRANCHIOPODA,PHYLLOPODA,DIPLOSTRACA,CLADOCERA,CHYDORIDAE,,EURYCERCUS,LAMELLATUS,,,,,,,,,,,,,,,,
EURYCERCUS LONGIROSTRIS,ARTHROPODA,BRANCHIOPODA,PHYLLOPODA,DIPLOSTRACA,CLADOCERA,CHYDORIDAE,,EURYCERCUS,LONGIROSTRIS,,,,,,,,,,,,,,,,
EURYTEMORA AFFINIS,ARTHROPODA,MAXILLOPODA,COPEPODA,CALANOIDA,,TEMORIDAE,,EURYTEMORA,AFFINIS,,,,,,,,,,,,,,,,
FILINIA,ROTIFERA,EUROTATORIA,MONOGONONTA,FLOSCULARIACEAE,,FILINIIDAE,,FILINIA,,,,,,,,,,,,,,,,,
FILINIA LIMNETICA,ROTIFERA,EUROTATORIA,MONOGONONTA,FLOSCULARIACEAE,,FILINIIDAE,,FILINIA,LIMNETICA,,,,,,,,,,,,,,,,
FILINIA LONGISETA,ROTIFERA,EUROTATORIA,MONOGONONTA,FLOSCULARIACEAE,,FILINIIDAE,,FILINIA,LONGISETA,,,,,,,,,,,,,,,,
FILINIA NOVAEZEALANDIAE,ROTIFERA,EUROTATORIA,MONOGONONTA,FLOSCULARIACEAE,,FILINIIDAE,,FILINIA,NOVAEZEALANDIAE,,,,,,,,,,,,,,,,
FILINIA OPOLIENSIS,ROTIFERA,EUROTATORIA,MONOGONONTA,FLOSCULARIACEAE,,FILINIIDAE,,FILINIA,OPOLIENSIS,,,,,,,,,,,,,,,,
FILINIA PEJLERI,ROTIFERA,EUROTATORIA,MONOGONONTA,FLOSCULARIACEAE,,FILINIIDAE,,FILINIA,PEJLERI,,,,,,,,,,,,,,,,
FILINIA SALTATOR,ROTIFERA,EUROTATORIA,MONOGONONTA,FLOSCULARIACEAE,,FILINIIDAE,,FILINIA,SALTATOR,,,,,,,,,,,,,,,,
FILINIA TERMINALIS,ROTIFERA,EUROTATORIA,MONOGONONTA,FLOSCULARIACEAE,,FILINIIDAE,,FILINIA,TERMINALIS,,,,,,,,,,,,,,,,
FLOSCULARIIDAE,ROTIFERA,EUROTATORIA,MONOGONONTA,FLOSCULARIACEAE,,FLOSCULARIIDAE,,,,,,,,,,,,,,,,,,,
GASTROPUS,ROTIFERA,EUROTATORIA,MONOGONONTA,PLOIMA,,GASTROPODIDAE,,GASTROPUS,,,,,,,,,,,,,,,,,
GASTROPUS HYPTOPUS,ROTIFERA,EUROTATORIA,MONOGONONTA,PLOIMA,,GASTROPODIDAE,,GASTROPUS,HYPTOPUS,,,,,,,,,,,,,,,,
GASTROPUS MINOR,ROTIFERA,EUROTATORIA,MONOGONONTA,PLOIMA,,GASTROPODIDAE,,GASTROPUS,MINOR,,,,,,,,,,,,,,,,
GASTROPUS STYLIFER,ROTIFERA,EUROTATORIA,MONOGONONTA,PLOIMA,,GASTROPODIDAE,,GASTROPUS,STYLIFER,,,,,,,,,,,,,,,,
GRAPTOLEBERIS TESTUDINARIA,ARTHROPODA,BRANCHIOPODA,PHYLLOPODA,DIPLOSTRACA,CLADOCERA,CHYDORIDAE,,GRAPTOLEBERIS,TESTUDINARIA,,,,,,,,,,,,,,,,
HARPACTICOIDA,ARTHROPODA,MAXILLOPODA,COPEPODA,HARPACTICOIDA,,,,,,,,,,,,,,,,,,,,,
HARRINGIA,ROTIFERA,EUROTATORIA,MONOGONONTA,PLOIMA,,ASPLANCHNIDAE,,HARRINGIA,,,,,,,,,,,,,,,,,
HEMIGRAPSUS SANGUINEUS,ARTHROPODA,MALACOSTRACA,EUMALACOSTRACA,DECAPODA,,VARUNIDAE,,HEMIGRAPSUS,SANGUINEUS,,,,,,,,,,,,,,,,
HESPERODIAPTOMUS,ARTHROPODA,MAXILLOPODA,COPEPODA,CALANOIDA,,DIAPTOMIDAE,,HESPERODIAPTOMUS,,,,,,,,,,,,,,,,,
HESPERODIAPTOMUS KENAI,ARTHROPODA,MAXILLOPODA,COPEPODA,CALANOIDA,,DIAPTOMIDAE,,HESPERODIAPTOMUS,KENAI,,,,,,,,,,,,,,,,
HESPERODIAPTOMUS NEVADENSIS,ARTHROPODA,MAXILLOPODA,COPEPODA,CALANOIDA,,DIAPTOMIDAE,,HESPERODIAPTOMUS,NEVADENSIS,,,,,,,,,,,,,,,,
HETEROLEPADELLA EHRENBERGI,ROTIFERA,EUROTATORIA,MONOGONONTA,PLOIMA,,LEPADELLIDAE,,HETEROLEPADELLA,EHRENBERGI,,,,,,,,,,,,,,,,
HEXARTHRA,ROTIFERA,EUROTATORIA,MONOGONONTA,FLOSCULARIACEAE,,HEXARTHRIDAE,,HEXARTHRA,,,,,,,,,,,,,,,,,
HEXARTHRA FENNICA,ROTIFERA,EUROTATORIA,MONOGONONTA,FLOSCULARIACEAE,,HEXARTHRIDAE,,HEXARTHRA,FENNICA,,,,,,,,,,,,,,,,
HEXARTHRA INTERMEDIA,ROTIFERA,EUROTATORIA,MONOGONONTA,FLOSCULARIACEAE,,HEXARTHRIDAE,,HEXARTHRA,INTERMEDIA,,,,,,,,,,,,,,,,
HEXARTHRA INTERMEDIA BRASILIENSIS,ROTIFERA,EUROTATORIA,MONOGONONTA,FLOSCULARIACEAE,,HEXARTHRIDAE,,HEXARTHRA,INTERMEDIA,BRASILIENSIS,,,,,,,,,,,,,,,
HEXARTHRA JENKINAE,ROTIFERA,EUROTATORIA,MONOGONONTA,FLOSCULARIACEAE,,HEXARTHRIDAE,,HEXARTHRA,JENKINAE,,,,,,,,,,,,,,,,
HEXARTHRA MIRA,ROTIFERA,EUROTATORIA,MONOGONONTA,FLOSCULARIACEAE,,HEXARTHRIDAE,,HEXARTHRA,MIRA,,,,,,,,,,,,,,,,
HEXARTHRA POLYDONTA SOAPLAKEIENSIS,ROTIFERA,EUROTATORIA,MONOGONONTA,FLOSCULARIACEAE,,HEXARTHRIDAE,,HEXARTHRA,POLYDONTA,SOAPLAKEIENSIS,,,,,,,,,,,,,,,
HOLOPEDIUM,ARTHROPODA,BRANCHIOPODA,PHYLLOPODA,DIPLOSTRACA,CLADOCERA,HOLOPEDIIDAE,,HOLOPEDIUM,,,,,,,,,,,,,,,,,
HOLOPEDIUM ACIDOPHILUM,ARTHROPODA,BRANCHIOPODA,PHYLLOPODA,DIPLOSTRACA,CLADOCERA,HOLOPEDIIDAE,,HOLOPEDIUM,ACIDOPHILUM,,,,,,,,,,,,,,,,
HOLOPEDIUM ATLANTICUM,ARTHROPODA,BRANCHIOPODA,PHYLLOPODA,DIPLOSTRACA,CLADOCERA,HOLOPEDIIDAE,,HOLOPEDIUM,ATLANTICUM,,,,,,,,,,,,,,,,
HOLOPEDIUM GIBBERUM,ARTHROPODA,BRANCHIOPODA,PHYLLOPODA,DIPLOSTRACA,CLADOCERA,HOLOPEDIIDAE,,HOLOPEDIUM,GIBBERUM,,,,,,,,,,,,,,,,
HOLOPEDIUM GLACIALIS,ARTHROPODA,BRANCHIOPODA,PHYLLOPODA,DIPLOSTRACA,CLADOCERA,HOLOPEDIIDAE,,HOLOPEDIUM,GLACIALIS,,,,,,,,,,,,,,,,
HYDRACARINA,ARTHROPODA,ARACHNIDA,ACARI,TROMBIDIFORMES,,,,,,,,,,,,,,,,,,,,,
ILYOCRYPTUS,ARTHROPODA,BRANCHIOPODA,PHYLLOPODA,DIPLOSTRACA,CLADOCERA,ILYOCRIPTIDAE,,ILYOCRYPTUS,,,,,,,,,,,,,,,,,
ILYOCRYPTUS ACUTIFRONS,ARTHROPODA,BRANCHIOPODA,PHYLLOPODA,DIPLOSTRACA,CLADOCERA,ILYOCRIPTIDAE,,ILYOCRYPTUS,ACUTIFRONS,,,,,,,,,,,,,,,,
ILYOCRYPTUS SORDIDUS,ARTHROPODA,BRANCHIOPODA,PHYLLOPODA,DIPLOSTRACA,CLADOCERA,ILYOCRIPTIDAE,,ILYOCRYPTUS,SORDIDUS,,,,,,,,,,,,,,,,
ILYOCRYPTUS SPINIFER,ARTHROPODA,BRANCHIOPODA,PHYLLOPODA,DIPLOSTRACA,CLADOCERA,ILYOCRIPTIDAE,,ILYOCRYPTUS,SPINIFER,,,,,,,,,,,,,,,,
KARUALONA KARUA,ARTHROPODA,BRANCHIOPODA,PHYLLOPODA,DIPLOSTRACA,CLADOCERA,CHYDORIDAE,,KARUALONA,KARUA,,,,,,,,,,,,,,,,
KELLICOTTIA,ROTIFERA,EUROTATORIA,MONOGONONTA,PLOIMA,,BRACHIONIDAE,,KELLICOTTIA,,,,,,,,,,,,,,,,,
KELLICOTTIA BOSTONIENSIS,ROTIFERA,EUROTATORIA,MONOGONONTA,PLOIMA,,BRACHIONIDAE,,KELLICOTTIA,BOSTONIENSIS,,,,,,,,,,,,,,,,
KELLICOTTIA LONGISPINA,ROTIFERA,EUROTATORIA,MONOGONONTA,PLOIMA,,BRACHIONIDAE,,KELLICOTTIA,LONGISPINA,,,,,,,,,,,,,,,,
KERATELLA,ROTIFERA,EUROTATORIA,MONOGONONTA,PLOIMA,,BRACHIONIDAE,,KERATELLA,,,,,,,,,,,,,,,,,
KERATELLA AMERICANA,ROTIFERA,EUROTATORIA,MONOGONONTA,PLOIMA,,BRACHIONIDAE,,KERATELLA,AMERICANA,,,,,,,,,,,,,,,,
KERATELLA COCHLEARIS,ROTIFERA,EUROTATORIA,MONOGONONTA,PLOIMA,,BRACHIONIDAE,,KERATELLA,COCHLEARIS,,,,,,,,,,,,,,,,
KERATELLA COCHLEARIS FALUTA,ROTIFERA,EUROTATORIA,MONOGONONTA,PLOIMA,,BRACHIONIDAE,,KERATELLA,COCHLEARIS,FALUTA,,,,,,,,,,,,,,,
KERATELLA COCHLEARIS HISPIDA,ROTIFERA,EUROTATORIA,MONOGONONTA,PLOIMA,,BRACHIONIDAE,,KERATELLA,COCHLEARIS,HISPIDA,,,,,,,,,,,,,,,
KERATELLA COCHLEARIS ROBUSTA,ROTIFERA,EUROTATORIA,MONOGONONTA,PLOIMA,,BRACHIONIDAE,,KERATELLA,COCHLEARIS,ROBUSTA,,,,,,,,,,,,,,,
KERATELLA COCHLEARIS TECTA,ROTIFERA,EUROTATORIA,MONOGONONTA,PLOIMA,,BRACHIONIDAE,,KERATELLA,COCHLEARIS,TECTA,,,,,,,,,,,,,,,
KERATELLA CRASSA,ROTIFERA,EUROTATORIA,MONOGONONTA,PLOIMA,,BRACHIONIDAE,,KERATELLA,CRASSA,,,,,,,,,,,,,,,,
KERATELLA EARLINAE,ROTIFERA,EUROTATORIA,MONOGONONTA,PLOIMA,,BRACHIONIDAE,,KERATELLA,EARLINAE,,,,,,,,,,,,,,,,
KERATELLA HIEMALIS,ROTIFERA,EUROTATORIA,MONOGONONTA,PLOIMA,,BRACHIONIDAE,,KERATELLA,HIEMALIS,,,,,,,,,,,,,,,,
KERATELLA MIXTA,ROTIFERA,EUROTATORIA,MONOGONONTA,PLOIMA,,BRACHIONIDAE,,KERATELLA,MIXTA,,,,,,,,,,,,,,,,
KERATELLA QUADRATA,ROTIFERA,EUROTATORIA,MONOGONONTA,PLOIMA,,BRACHIONIDAE,,KERATELLA,QUADRATA,,,,,,,,,,,,,,,,
KERATELLA QUADRATA DISPERSA,ROTIFERA,EUROTATORIA,MONOGONONTA,PLOIMA,,BRACHIONIDAE,,KERATELLA,QUADRATA,DISPERSA,,,,,,,,,,,,,,,
KERATELLA SERRULATA,ROTIFERA,EUROTATORIA,MONOGONONTA,PLOIMA,,BRACHIONIDAE,,KERATELLA,SERRULATA,,,,,,,,,,,,,,,,
KERATELLA SERRULATA CURVICORNIS,ROTIFERA,EUROTATORIA,MONOGONONTA,PLOIMA,,BRACHIONIDAE,,KERATELLA,SERRULATA,CURVICORNIS,,,,,,,,,,,,,,,
KERATELLA TAUROCEPHALA,ROTIFERA,EUROTATORIA,MONOGONONTA,PLOIMA,,BRACHIONIDAE,,KERATELLA,TAUROCEPHALA,,,,,,,,,,,,,,,,
KERATELLA TECTA,ROTIFERA,EUROTATORIA,MONOGONONTA,PLOIMA,,BRACHIONIDAE,,KERATELLA,TECTA,,,,,,,,,,,,,,,,
KERATELLA TESTUDO,ROTIFERA,EUROTATORIA,MONOGONONTA,PLOIMA,,BRACHIONIDAE,,KERATELLA,TESTUDO,,,,,,,,,,,,,,,,
KERATELLA TICINENSIS,ROTIFERA,EUROTATORIA,MONOGONONTA,PLOIMA,,BRACHIONIDAE,,KERATELLA,TICINENSIS,,,,,,,,,,,,,,,,
KERATELLA TROPICA,ROTIFERA,EUROTATORIA,MONOGONONTA,PLOIMA,,BRACHIONIDAE,,KERATELLA,TROPICA,,,,,,,,,,,,,,,,
KERATELLA VALGA,ROTIFERA,EUROTATORIA,MONOGONONTA,PLOIMA,,BRACHIONIDAE,,KERATELLA,VALGA,,,,,,,,,,,,,,,,
KURZIA LATISSIMA,ARTHROPODA,BRANCHIOPODA,PHYLLOPODA,DIPLOSTRACA,CLADOCERA,CHYDORIDAE,,KURZIA,LATISSIMA,,,,,,,,,,,,,,,,
KURZIA MEDIA,ARTHROPODA,BRANCHIOPODA,PHYLLOPODA,DIPLOSTRACA,CLADOCERA,CHYDORIDAE,,KURZIA,MEDIA,,,,,,,,,,,,,,,,
LATONOPSIS,ARTHROPODA,BRANCHIOPODA,PHYLLOPODA,DIPLOSTRACA,CLADOCERA,SIDIDAE,,LATONOPSIS,,,,,,,,,,,,,,,,,
LECANE,ROTIFERA,EUROTATORIA,MONOGONONTA,PLOIMA,,LECANIDAE,,LECANE,,,,,,,,,,,,,,,,,
LECANE ARCULA,ROTIFERA,EUROTATORIA,MONOGONONTA,PLOIMA,,LECANIDAE,,LECANE,ARCULA,,,,,,,,,,,,,,,,
LECANE BRACHYDACTYLA,ROTIFERA,EUROTATORIA,MONOGONONTA,PLOIMA,,LECANIDAE,,LECANE,BRACHYDACTYLA,,,,,,,,,,,,,,,,
LECANE CLARA,ROTIFERA,EUROTATORIA,MONOGONONTA,PLOIMA,,LECANIDAE,,LECANE,CLARA,,,,,,,,,,,,,,,,
LECANE CREPIDA,ROTIFERA,EUROTATORIA,MONOGONONTA,PLOIMA,,LECANIDAE,,LECANE,CREPIDA,,,,,,,,,,,,,,,,
LECANE CURVICORNIS,ROTIFERA,EUROTATORIA,MONOGONONTA,PLOIMA,,LECANIDAE,,LECANE,CURVICORNIS,,,,,,,,,,,,,,,,
LECANE EUTARSA,ROTIFERA,EUROTATORIA,MONOGONONTA,PLOIMA,,LECANIDAE,,LECANE,EUTARSA,,,,,,,,,,,,,,,,
LECANE FLEXILIS,ROTIFERA,EUROTATORIA,MONOGONONTA,PLOIMA,,LECANIDAE,,LECANE,FLEXILIS,,,,,,,,,,,,,,,,
LECANE HASTATA,ROTIFERA,EUROTATORIA,MONOGONONTA,PLOIMA,,LECANIDAE,,LECANE,HASTATA,,,,,,,,,,,,,,,,
LECANE HORNEMANNI,ROTIFERA,EUROTATORIA,MONOGONONTA,PLOIMA,,LECANIDAE,,LECANE,HORNEMANNI,,,,,,,,,,,,,,,,
LECANE INERMIS,ROTIFERA,EUROTATORIA,MONOGONONTA,PLOIMA,,LECANIDAE,,LECANE,INERMIS,,,,,,,,,,,,,,,,
LECANE INTRASINUATA,ROTIFERA,EUROTATORIA,MONOGONONTA,PLOIMA,,LECANIDAE,,LECANE,INTRASINUATA,,,,,,,,,,,,,,,,
LECANE LEONTINA,ROTIFERA,EUROTATORIA,MONOGONONTA,PLOIMA,,LECANIDAE,,LECANE,LEONTINA,,,,,,,,,,,,,,,,
LECANE LUDWIGII,ROTIFERA,EUROTATORIA,MONOGONONTA,PLOIMA,,LECANIDAE,,LECANE,LUDWIGII,,,,,,,,,,,,,,,,
LECANE LUNA,ROTIFERA,EUROTATORIA,MONOGONONTA,PLOIMA,,LECANIDAE,,LECANE,LUNA,,,,,,,,,,,,,,,,
LECANE MIRA,ROTIFERA,EUROTATORIA,MONOGONONTA,PLOIMA,,LECANIDAE,,LECANE,MIRA,,,,,,,,,,,,,,,,
LECANE MUCRONATA,ROTIFERA,EUROTATORIA,MONOGONONTA,PLOIMA,,LECANIDAE,,LECANE,MUCRONATA,,,,,,,,,,,,,,,,
LECANE OHIOENSIS,ROTIFERA,EUROTATORIA,MONOGONONTA,PLOIMA,,LECANIDAE,,LECANE,OHIOENSIS,,,,,,,,,,,,,,,,
LECANE PAPUANA,ROTIFERA,EUROTATORIA,MONOGONONTA,PLOIMA,,LECANIDAE,,LECANE,PAPUANA,,,,,,,,,,,,,,,,
LECANE PERTICA,ROTIFERA,EUROTATORIA,MONOGONONTA,PLOIMA,,LECANIDAE,,LECANE,PERTICA,,,,,,,,,,,,,,,,
LECANE PUSILLA,ROTIFERA,EUROTATORIA,MONOGONONTA,PLOIMA,,LECANIDAE,,LECANE,PUSILLA,,,,,,,,,,,,,,,,
LECANE RHENANA,ROTIFERA,EUROTATORIA,MONOGONONTA,PLOIMA,,LECANIDAE,,LECANE,RHENANA,,,,,,,,,,,,,,,,
LECANE SIGNIFERA,ROTIFERA,EUROTATORIA,MONOGONONTA,PLOIMA,,LECANIDAE,,LECANE,SIGNIFERA,,,,,,,,,,,,,,,,
LECANE STENROOSI,ROTIFERA,EUROTATORIA,MONOGONONTA,PLOIMA,,LECANIDAE,,LECANE,STENROOSI,,,,,,,,,,,,,,,,
LECANE STICHAEA,ROTIFERA,EUROTATORIA,MONOGONONTA,PLOIMA,,LECANIDAE,,LECANE,STICHAEA,,,,,,,,,,,,,,,,
LECANE TENUISETA,ROTIFERA,EUROTATORIA,MONOGONONTA,PLOIMA,,LECANIDAE,,LECANE,TENUISETA,,,,,,,,,,,,,,,,
LECANE TUDICOLA,ROTIFERA,EUROTATORIA,MONOGONONTA,PLOIMA,,LECANIDAE,,LECANE,TUDICOLA,,,,,,,,,,,,,,,,
LECANE UNGULATA,ROTIFERA,EUROTATORIA,MONOGONONTA,PLOIMA,,LECANIDAE,,LECANE,UNGULATA,,,,,,,,,,,,,,,,
LEPADELLA,ROTIFERA,EUROTATORIA,MONOGONONTA,PLOIMA,,LEPADELLIDAE,,LEPADELLA,,,,,,,,,,,,,,,,,
LEPADELLA ACUMINATA,ROTIFERA,EUROTATORIA,MONOGONONTA,PLOIMA,,LEPADELLIDAE,,LEPADELLA,ACUMINATA,,,,,,,,,,,,,,,,
LEPADELLA COSTATA,ROTIFERA,EUROTATORIA,MONOGONONTA,PLOIMA,,LEPADELLIDAE,,LEPADELLA,COSTATA,,,,,,,,,,,,,,,,
LEPADELLA CRISTATA,ROTIFERA,EUROTATORIA,MONOGONONTA,PLOIMA,,LEPADELLIDAE,,LEPADELLA,CRISTATA,,,,,,,,,,,,,,,,
LEPADELLA EHRENBERGI,ROTIFERA,EUROTATORIA,MONOGONONTA,PLOIMA,,LEPADELLIDAE,,LEPADELLA,EHRENBERGI,,,,,,,,,,,,,,,,
LEPADELLA OVALIS,ROTIFERA,EUROTATORIA,MONOGONONTA,PLOIMA,,LEPADELLIDAE,,LEPADELLA,OVALIS,,,,,,,,,,,,,,,,
LEPADELLA PATELLA,ROTIFERA,EUROTATORIA,MONOGONONTA,PLOIMA,,LEPADELLIDAE,,LEPADELLA,PATELLA,,,,,,,,,,,,,,,,
LEPADELLA RHOMBOIDES,ROTIFERA,EUROTATORIA,MONOGONONTA,PLOIMA,,LEPADELLIDAE,,LEPADELLA,RHOMBOIDES,,,,,,,,,,,,,,,,
LEPTODIAPTOMUS,ARTHROPODA,MAXILLOPODA,COPEPODA,CALANOIDA,,DIAPTOMIDAE,,LEPTODIAPTOMUS,,,,,,,,,,,,,,,,,
LEPTODIAPTOMUS ASHLANDI,ARTHROPODA,MAXILLOPODA,COPEPODA,CALANOIDA,,DIAPTOMIDAE,,LEPTODIAPTOMUS,ASHLANDI,,,,,,,,,,,,,,,,
LEPTODIAPTOMUS COLORADENSIS,ARTHROPODA,MAXILLOPODA,COPEPODA,CALANOIDA,,DIAPTOMIDAE,,LEPTODIAPTOMUS,COLORADENSIS,,,,,,,,,,,,,,,,
LEPTODIAPTOMUS CONNEXUS,ARTHROPODA,MAXILLOPODA,COPEPODA,CALANOIDA,,DIAPTOMIDAE,,LEPTODIAPTOMUS,CONNEXUS,,,,,,,,,,,,,,,,
LEPTODIAPTOMUS JUDAYI,ARTHROPODA,MAXILLOPODA,COPEPODA,CALANOIDA,,DIAPTOMIDAE,,LEPTODIAPTOMUS,JUDAYI,,,,,,,,,,,,,,,,
LEPTODIAPTOMUS MINUTUS,ARTHROPODA,MAXILLOPODA,COPEPODA,CALANOIDA,,DIAPTOMIDAE,,LEPTODIAPTOMUS,MINUTUS,,,,,,,,,,,,,,,,
LEPTODIAPTOMUS NOVAMEXICANUS,ARTHROPODA,MAXILLOPODA,COPEPODA,CALANOIDA,,DIAPTOMIDAE,,LEPTODIAPTOMUS,NOVAMEXICANUS,,,,,,,,,,,,,,,,
LEPTODIAPTOMUS NUDUS,ARTHROPODA,MAXILLOPODA,COPEPODA,CALANOIDA,,DIAPTOMIDAE,,LEPTODIAPTOMUS,NUDUS,,,,,,,,,,,,,,,,
LEPTODIAPTOMUS SICILIS,ARTHROPODA,MAXILLOPODA,COPEPODA,CALANOIDA,,DIAPTOMIDAE,,LEPTODIAPTOMUS,SICILIS,,,,,,,,,,,,,,,,
LEPTODIAPTOMUS SICILOIDES,ARTHROPODA,MAXILLOPODA,COPEPODA,CALANOIDA,,DIAPTOMIDAE,,LEPTODIAPTOMUS,SICILOIDES,,,,,,,,,,,,,,,,
LEPTODIAPTOMUS SIGNICAUDA,ARTHROPODA,MAXILLOPODA,COPEPODA,CALANOIDA,,DIAPTOMIDAE,,LEPTODIAPTOMUS,SIGNICAUDA,,,,,,,,,,,,,,,,
LEPTODIAPTOMUS TYRRELLI,ARTHROPODA,MAXILLOPODA,COPEPODA,CALANOIDA,,DIAPTOMIDAE,,LEPTODIAPTOMUS,TYRRELLI,,,,,,,,,,,,,,,,
LEPTODORA KINDTII,ARTHROPODA,BRANCHIOPODA,PHYLLOPODA,DIPLOSTRACA,CLADOCERA,LEPTODORIDAE,,LEPTODORA,KINDTII,,,,,,,,,,,,,,,,
LEYDIGIA,ARTHROPODA,BRANCHIOPODA,PHYLLOPODA,DIPLOSTRACA,CLADOCERA,CHYDORIDAE,,LEYDIGIA,,,,,,,,,,,,,,,,,
LEYDIGIA QUADRANGULARIS,ARTHROPODA,BRANCHIOPODA,PHYLLOPODA,DIPLOSTRACA,CLADOCERA,CHYDORIDAE,,LEYDIGIA,QUADRANGULARIS,,,,,,,,,,,,,,,,
LILIFEROTROCHA,ROTIFERA,EUROTATORIA,MONOGONONTA,PLOIMA,,EPIPHANIDAE,,LILIFEROTROCHA,,,,,,,,,,,,,,,,,
LILIFEROTROCHA SUBTILIS,ROTIFERA,EUROTATORIA,MONOGONONTA,PLOIMA,,EPIPHANIDAE,,LILIFEROTROCHA,SUBTILIS,,,,,,,,,,,,,,,,
LOPHOCHARIS,ROTIFERA,EUROTATORIA,MONOGONONTA,PLOIMA,,MYTILINIDAE,,LOPHOCHARIS,,,,,,,,,,,,,,,,,
LOPHOCHARIS SALPINA,ROTIFERA,EUROTATORIA,MONOGONONTA,PLOIMA,,MYTILINIDAE,,LOPHOCHARIS,SALPINA,,,,,,,,,,,,,,,,
MACROCHAETUS,ROTIFERA,EUROTATORIA,MONOGONONTA,PLOIMA,,TRICHOTRIIDAE,,MACROCHAETUS,,,,,,,,,,,,,,,,,
MACROCHAETUS COLLINSII,ROTIFERA,EUROTATORIA,MONOGONONTA,PLOIMA,,TRICHOTRIIDAE,,MACROCHAETUS,COLLINSII,,,,,,,,,,,,,,,,
MACROCHAETUS LONGIPES,ROTIFERA,EUROTATORIA,MONOGONONTA,PLOIMA,,TRICHOTRIIDAE,,MACROCHAETUS,LONGIPES,,,,,,,,,,,,,,,,
MACROCHAETUS SERICA,ROTIFERA,EUROTATORIA,MONOGONONTA,PLOIMA,,TRICHOTRIIDAE,,MACROCHAETUS,SERICA,,,,,,,,,,,,,,,,
MACROCHAETUS SUBQUADRATUS,ROTIFERA,EUROTATORIA,MONOGONONTA,PLOIMA,,TRICHOTRIIDAE,,MACROCHAETUS,SUBQUADRATUS,,,,,,,,,,,,,,,,
MACROCYCLOPS ALBIDUS,ARTHROPODA,MAXILLOPODA,COPEPODA,CYCLOPOIDA,,CYCLOPIDAE,,MACROCYCLOPS,ALBIDUS,,,,,,,,,,,,,,,,
MACROTHRIX,ARTHROPODA,BRANCHIOPODA,PHYLLOPODA,DIPLOSTRACA,CLADOCERA,MACROTHRICIDAE,,MACROTHRIX,,,,,,,,,,,,,,,,,
MACROTHRIX MEXICANUS,ARTHROPODA,BRANCHIOPODA,PHYLLOPODA,DIPLOSTRACA,CLADOCERA,MACROTHRICIDAE,,MACROTHRIX,MEXICANUS,,,,,,,,,,,,,,,,
MACROTHRIX ROSEA,ARTHROPODA,BRANCHIOPODA,PHYLLOPODA,DIPLOSTRACA,CLADOCERA,MACROTHRICIDAE,,MACROTHRIX,ROSEA,,,,,,,,,,,,,,,,
MESOCYCLOPS,ARTHROPODA,MAXILLOPODA,COPEPODA,CYCLOPOIDA,,CYCLOPIDAE,,MESOCYCLOPS,,,,,,,,,,,,,,,,,
MESOCYCLOPS EDAX,ARTHROPODA,MAXILLOPODA,COPEPODA,CYCLOPOIDA,,CYCLOPIDAE,,MESOCYCLOPS,EDAX,,,,,,,,,,,,,,,,
MESOCYCLOPS LEUKARTI,ARTHROPODA,MAXILLOPODA,COPEPODA,CYCLOPOIDA,,CYCLOPIDAE,,MESOCYCLOPS,LEUKARTI,,,,,,,,,,,,,,,,
MICROCYCLOPS RUBELLUS,ARTHROPODA,MAXILLOPODA,COPEPODA,CYCLOPOIDA,,CYCLOPIDAE,,MICROCYCLOPS,RUBELLUS,,,,,,,,,,,,,,,,
MICROCYCLOPS VARICANS,ARTHROPODA,MAXILLOPODA,COPEPODA,CYCLOPOIDA,,CYCLOPIDAE,,MICROCYCLOPS,VARICANS,,,,,,,,,,,,,,,,
MOINA,ARTHROPODA,BRANCHIOPODA,PHYLLOPODA,DIPLOSTRACA,CLADOCERA,MOINIDAE,,MOINA,,,,,,,,,,,,,,,,,
MOINA BRACHIATA,ARTHROPODA,BRANCHIOPODA,PHYLLOPODA,DIPLOSTRACA,CLADOCERA,MOINIDAE,,MOINA,BRACHIATA,,,,,,,,,,,,,,,,
MOINA HUTCHINSONI,ARTHROPODA,BRANCHIOPODA,PHYLLOPODA,DIPLOSTRACA,CLADOCERA,MOINIDAE,,MOINA,HUTCHINSONI,,,,,,,,,,,,,,,,
MOINA MACROCOPA,ARTHROPODA,BRANCHIOPODA,PHYLLOPODA,DIPLOSTRACA,CLADOCERA,MOINIDAE,,MOINA,MACROCOPA,,,,,,,,,,,,,,,,
MOINA MICRURA,ARTHROPODA,BRANCHIOPODA,PHYLLOPODA,DIPLOSTRACA,CLADOCERA,MOINIDAE,,MOINA,MICRURA,,,,,,,,,,,,,,,,
MONOGONATA,ROTIFERA,EUROTATORIA,MONOGONONTA,,,,,,,,,,,,,,,,,,,,,,
MONOMMATA ENEDRA,ROTIFERA,EUROTATORIA,MONOGONONTA,PLOIMA,,NOTOMMATIDAE,,MONOMMATA,ENEDRA,,,,,,,,,,,,,,,,
MONOMMATA SP.,ROTIFERA,EUROTATORIA,MONOGONONTA,PLOIMA,,NOTOMMATIDAE,,MONOMMATA,,,,,,,,,,,,,,,,,
MONOMMATA VIRIDIS,ROTIFERA,EUROTATORIA,MONOGONONTA,PLOIMA,,NOTOMMATIDAE,,MONOMMATA,VIRIDIS,,,,,,,,,,,,,,,,
MONOSTYLA,ROTIFERA,EUROTATORIA,MONOGONONTA,PLOIMA,,LECANIDAE,,MONOSTYLA,,,,,,,,,,,,,,,,,
MONOSTYLA BULLA,ROTIFERA,EUROTATORIA,MONOGONONTA,PLOIMA,,LECANIDAE,,MONOSTYLA,BULLA,,,,,,,,,,,,,,,,
MONOSTYLA CLOSTEROCERCA,ROTIFERA,EUROTATORIA,MONOGONONTA,PLOIMA,,LECANIDAE,,MONOSTYLA,CLOSTEROCERCA,,,,,,,,,,,,,,,,
MONOSTYLA COPEIS,ROTIFERA,EUROTATORIA,MONOGONONTA,PLOIMA,,LECANIDAE,,MONOSTYLA,COPEIS,,,,,,,,,,,,,,,,
MONOSTYLA CORNUTA,ROTIFERA,EUROTATORIA,MONOGONONTA,PLOIMA,,LECANIDAE,,MONOSTYLA,CORNUTA,,,,,,,,,,,,,,,,
MONOSTYLA CRENATA,ROTIFERA,EUROTATORIA,MONOGONONTA,PLOIMA,,LECANIDAE,,MONOSTYLA,CRENATA,,,,,,,,,,,,,,,,
MONOSTYLA HAMATA,ROTIFERA,EUROTATORIA,MONOGONONTA,PLOIMA,,LECANIDAE,,MONOSTYLA,HAMATA,,,,,,,,,,,,,,,,
MONOSTYLA LUNARIS,ROTIFERA,EUROTATORIA,MONOGONONTA,PLOIMA,,LECANIDAE,,MONOSTYLA,LUNARIS,,,,,,,,,,,,,,,,
MONOSTYLA MURRAYI,ROTIFERA,EUROTATORIA,MONOGONONTA,PLOIMA,,LECANIDAE,,MONOSTYLA,MURRAYI,,,,,,,,,,,,,,,,
MONOSTYLA PYRIFORMIS,ROTIFERA,EUROTATORIA,MONOGONONTA,PLOIMA,,LECANIDAE,,MONOSTYLA,PYRIFORMIS,,,,,,,,,,,,,,,,
MONOSTYLA QUADRIDENTATA,ROTIFERA,EUROTATORIA,MONOGONONTA,PLOIMA,,LECANIDAE,,MONOSTYLA,QUADRIDENTATA,,,,,,,,,,,,,,,,
MONOSTYLA SCUTATA,ROTIFERA,EUROTATORIA,MONOGONONTA,PLOIMA,,LECANIDAE,,MONOSTYLA,SCUTATA,,,,,,,,,,,,,,,,
MONOSTYLA SPINULIFERA,ROTIFERA,EUROTATORIA,MONOGONONTA,PLOIMA,,LECANIDAE,,MONOSTYLA,SPINULIFERA,,,,,,,,,,,,,,,,
MONOSTYLA STENROOSI,ROTIFERA,EUROTATORIA,MONOGONONTA,PLOIMA,,LECANIDAE,,MONOSTYLA,STENROOSI,,,,,,,,,,,,,,,,
MYSIDAE,ARTHROPODA,MALACOSTRACA,EUMALACOSTRACA,MYSIDA,,MYSIDAE,,,,,,,,,,,,,,,,,,,
MYTILINA,ROTIFERA,EUROTATORIA,MONOGONONTA,PLOIMA,,MYTILINIDAE,,MYTILINA,,,,,,,,,,,,,,,,,
MYTILINA BISULCATA,ROTIFERA,EUROTATORIA,MONOGONONTA,PLOIMA,,MYTILINIDAE,,MYTILINA,BISULCATA,,,,,,,,,,,,,,,,
MYTILINA CRASSIPES,ROTIFERA,EUROTATORIA,MONOGONONTA,PLOIMA,,MYTILINIDAE,,MYTILINA,CRASSIPES,,,,,,,,,,,,,,,,
MYTILINA MACROCERCA,ROTIFERA,EUROTATORIA,MONOGONONTA,PLOIMA,,MYTILINIDAE,,MYTILINA,MACROCERCA,,,,,,,,,,,,,,,,
MYTILINA MUCRONATA,ROTIFERA,EUROTATORIA,MONOGONONTA,PLOIMA,,MYTILINIDAE,,MYTILINA,MUCRONATA,,,,,,,,,,,,,,,,
MYTILINA TRIGONA,ROTIFERA,EUROTATORIA,MONOGONONTA,PLOIMA,,MYTILINIDAE,,MYTILINA,TRIGONA,,,,,,,,,,,,,,,,
MYTILINA VENTRALIS,ROTIFERA,EUROTATORIA,MONOGONONTA,PLOIMA,,MYTILINIDAE,,MYTILINA,VENTRALIS,,,,,,,,,,,,,,,,
MYTILINA VENTRALIS BREVISPINUS,ROTIFERA,EUROTATORIA,MONOGONONTA,PLOIMA,,MYTILINIDAE,,MYTILINA,VENTRALIS,BREVISPINUS,,,,,,,,,,,,,,,
MYTILINA VENTRALIS MACRACANTHA,ROTIFERA,EUROTATORIA,MONOGONONTA,PLOIMA,,MYTILINIDAE,,MYTILINA,VENTRALIS,MACRACANTHA,,,,,,,,,,,,,,,
NEOERGASILUS JAPONICUS,ARTHROPODA,MAXILLOPODA,COPEPODA,POECILOSTOMATOIDA,,ERGASILIDAE,,NEOERGASILUS,JAPONICUS,,,,,,,,,,,,,,,,
NOTHOLCA,ROTIFERA,EUROTATORIA,MONOGONONTA,PLOIMA,,BRACHIONIDAE,,NOTHOLCA,,,,,,,,,,,,,,,,,
NOTHOLCA ACUMINATA,ROTIFERA,EUROTATORIA,MONOGONONTA,PLOIMA,,BRACHIONIDAE,,NOTHOLCA,ACUMINATA,,,,,,,,,,,,,,,,
NOTHOLCA ACUMINATA EXTENSA,ROTIFERA,EUROTATORIA,MONOGONONTA,PLOIMA,,BRACHIONIDAE,,NOTHOLCA,ACUMINATA,EXTENSA,,,,,,,,,,,,,,,
NOTHOLCA CAUDATA,ROTIFERA,EUROTATORIA,MONOGONONTA,PLOIMA,,BRACHIONIDAE,,NOTHOLCA,CAUDATA,,,,,,,,,,,,,,,,
NOTHOLCA LABIS,ROTIFERA,EUROTATORIA,MONOGONONTA,PLOIMA,,BRACHIONIDAE,,NOTHOLCA,LABIS,,,,,,,,,,,,,,,,
NOTHOLCA LAURENTIAE,ROTIFERA,EUROTATORIA,MONOGONONTA,PLOIMA,,BRACHIONIDAE,,NOTHOLCA,LAURENTIAE,,,,,,,,,,,,,,,,
NOTHOLCA MICHIGANENSIS,ROTIFERA,EUROTATORIA,MONOGONONTA,PLOIMA,,BRACHIONIDAE,,NOTHOLCA,MICHIGANENSIS,,,,,,,,,,,,,,,,
NOTHOLCA SQUAMULA,ROTIFERA,EUROTATORIA,MONOGONONTA,PLOIMA,,BRACHIONIDAE,,NOTHOLCA,SQUAMULA,,,,,,,,,,,,,,,,
NOTOMMATA,ROTIFERA,EUROTATORIA,MONOGONONTA,PLOIMA,,NOTOMMATIDAE,,NOTOMMATA,,,,,,,,,,,,,,,,,
NOTOMMATA CYRTOPUS,ROTIFERA,EUROTATORIA,MONOGONONTA,PLOIMA,,NOTOMMATIDAE,,NOTOMMATA,CYRTOPUS,,,,,,,,,,,,,,,,
NOTOMMATIDAE,ROTIFERA,EUROTATORIA,MONOGONONTA,PLOIMA,,NOTOMMATIDAE,,,,,,,,,,,,,,,,,,,
ONYCHODIAPTOMUS BIRGEI,ARTHROPODA,MAXILLOPODA,COPEPODA,CALANOIDA,,DIAPTOMIDAE,,ONYCHODIAPTOMUS,BIRGEI,,,,,,,,,,,,,,,,
ONYCHODIAPTOMUS HESPERUS,ARTHROPODA,MAXILLOPODA,COPEPODA,CALANOIDA,,DIAPTOMIDAE,,ONYCHODIAPTOMUS,HESPERUS,,,,,,,,,,,,,,,,
ONYCHODIAPTOMUS SANGUINEUS,ARTHROPODA,MAXILLOPODA,COPEPODA,CALANOIDA,,DIAPTOMIDAE,,ONYCHODIAPTOMUS,SANGUINEUS,,,,,,,,,,,,,,,,
OPHRYOXUS GRACILIS,ARTHROPODA,BRANCHIOPODA,PHYLLOPODA,DIPLOSTRACA,CLADOCERA,MACROTHRICIDAE,,OPHRYOXUS,GRACILIS,,,,,,,,,,,,,,,,
ORTHOCYCLOPS MODESTUS,ARTHROPODA,MAXILLOPODA,COPEPODA,CYCLOPOIDA,,CYCLOPIDAE,,ORTHOCYCLOPS,MODESTUS,,,,,,,,,,,,,,,,
OSTRACODA,ARTHROPODA,OSTRACODA,,,,,,,,,,,,,,,,,,,,,,,
OXYURELLA BREVICAUDIS,ARTHROPODA,BRANCHIOPODA,PHYLLOPODA,DIPLOSTRACA,CLADOCERA,CHYDORIDAE,,OXYURELLA,BREVICAUDIS,,,,,,,,,,,,,,,,
PARACYCLOPS CHILTONI,ARTHROPODA,MAXILLOPODA,COPEPODA,CYCLOPOIDA,,CYCLOPIDAE,,PARACYCLOPS,CHILTONI,,,,,,,,,,,,,,,,
PECTINARIIDAE,ANNELIDA,POLYCHAETA,PALPATA,CANALIPALPATA,TEREBELLIDA,PECTINARIIDAE,,,,,,,,,,,,,,,,,,,
PHYLLODOCIDAE,ANNELIDA,POLYCHAETA,PALPATA,ACICULATA,,PHYLLODOCIDA,,,,,,,,,,,,,,,,,,,
PICRIPLEUROXUS,ARTHROPODA,BRANCHIOPODA,PHYLLOPODA,DIPLOSTRACA,CLADOCERA,CHYDORIDAE,,PICRIPLEUROXUS,,,,,,,,,,,,,,,,,
PICRIPLEUROXUS DENTICULATUS,ARTHROPODA,BRANCHIOPODA,PHYLLOPODA,DIPLOSTRACA,CLADOCERA,CHYDORIDAE,,PICRIPLEUROXUS,DENTICULATUS,,,,,,,,,,,,,,,,
PICRIPLEUROXUS STRIATUS,ARTHROPODA,BRANCHIOPODA,PHYLLOPODA,DIPLOSTRACA,CLADOCERA,CHYDORIDAE,,PICRIPLEUROXUS,STRIATUS,,,,,,,,,,,,,,,,
PLATYIAS PATULUS,ROTIFERA,EUROTATORIA,MONOGONONTA,PLOIMA,,BRACHIONIDAE,,PLATYIAS,PATULUS,,,,,,,,,,,,,,,,
PLATYIAS QUADRICORNIS,ROTIFERA,EUROTATORIA,MONOGONONTA,PLOIMA,,BRACHIONIDAE,,PLATYIAS,QUADRICORNIS,,,,,,,,,,,,,,,,
PLEUROXUS,ARTHROPODA,BRANCHIOPODA,PHYLLOPODA,DIPLOSTRACA,CLADOCERA,CHYDORIDAE,,PLEUROXUS,,,,,,,,,,,,,,,,,
PLEUROXUS ADUNCUS,ARTHROPODA,BRANCHIOPODA,PHYLLOPODA,DIPLOSTRACA,CLADOCERA,CHYDORIDAE,,PLEUROXUS,ADUNCUS,,,,,,,,,,,,,,,,
PLEUROXUS DENTICULATUS,ARTHROPODA,BRANCHIOPODA,PHYLLOPODA,DIPLOSTRACA,CLADOCERA,CHYDORIDAE,,PLEUROXUS,DENTICULATUS,,,,,,,,,,,,,,,,
PLEUROXUS PROCURVUS,ARTHROPODA,BRANCHIOPODA,PHYLLOPODA,DIPLOSTRACA,CLADOCERA,CHYDORIDAE,,PLEUROXUS,PROCURVUS,,,,,,,,,,,,,,,,
PLOESOMA,ROTIFERA,EUROTATORIA,MONOGONONTA,PLOIMA,,SYNCHAETIDAE,,PLOESOMA,,,,,,,,,,,,,,,,,
PLOESOMA HUDSONI,ROTIFERA,EUROTATORIA,MONOGONONTA,PLOIMA,,SYNCHAETIDAE,,PLOESOMA,HUDSONI,,,,,,,,,,,,,,,,
PLOESOMA LENTICULARE,ROTIFERA,EUROTATORIA,MONOGONONTA,PLOIMA,,SYNCHAETIDAE,,PLOESOMA,LENTICULARE,,,,,,,,,,,,,,,,
PLOESOMA TRUNCATUM,ROTIFERA,EUROTATORIA,MONOGONONTA,PLOIMA,,SYNCHAETIDAE,,PLOESOMA,TRUNCATUM,,,,,,,,,,,,,,,,
POLYARTHRA,ROTIFERA,EUROTATORIA,MONOGONONTA,PLOIMA,,SYNCHAETIDAE,,POLYARTHRA,,,,,,,,,,,,,,,,,
POLYARTHRA DOLICHOPTERA,ROTIFERA,EUROTATORIA,MONOGONONTA,PLOIMA,,SYNCHAETIDAE,,POLYARTHRA,DOLICHOPTERA,,,,,,,,,,,,,,,,
POLYARTHRA EURYPTERA,ROTIFERA,EUROTATORIA,MONOGONONTA,PLOIMA,,SYNCHAETIDAE,,POLYARTHRA,EURYPTERA,,,,,,,,,,,,,,,,
POLYARTHRA MAJOR,ROTIFERA,EUROTATORIA,MONOGONONTA,PLOIMA,,SYNCHAETIDAE,,POLYARTHRA,MAJOR,,,,,,,,,,,,,,,,
POLYARTHRA REMATA,ROTIFERA,EUROTATORIA,MONOGONONTA,PLOIMA,,SYNCHAETIDAE,,POLYARTHRA,REMATA,,,,,,,,,,,,,,,,
POLYARTHRA VULGARIS,ROTIFERA,EUROTATORIA,MONOGONONTA,PLOIMA,,SYNCHAETIDAE,,POLYARTHRA,VULGARIS,,,,,,,,,,,,,,,,
POLYCHAETA,ANNELIDA,POLYCHAETA,,,,,,,,,,,,,,,,,,,,,,,
POLYPHEMUS PEDICULUS,ARTHROPODA,BRANCHIOPODA,PHYLLOPODA,DIPLOSTRACA,CLADOCERA,POLYPHEMIDAE,,POLYPHEMUS,PEDICULUS,,,,,,,,,,,,,,,,
POMPHOLYX SULCATA,ROTIFERA,EUROTATORIA,MONOGONONTA,FLOSCULARIACEAE,,TESTUDINELLIDAE,,POMPHOLYX,SULCATA,,,,,,,,,,,,,,,,
PROALES,ROTIFERA,EUROTATORIA,MONOGONONTA,PLOIMA,,PROALIDAE,,PROALES,,,,,,,,,,,,,,,,,
PROALES THEODORA,ROTIFERA,EUROTATORIA,MONOGONONTA,PLOIMA,,PROALIDAE,,PROALES,THEODORA,,,,,,,,,,,,,,,,
PROALIDAE,ROTIFERA,EUROTATORIA,MONOGONONTA,PLOIMA,,PROALIDAE,,,,,,,,,,,,,,,,,,,
PROALIDES TENTACULATUS,ROTIFERA,EUROTATORIA,MONOGONONTA,PLOIMA,,EPIPHANIDAE,,PROALIDES,TENTACULATUS,,,,,,,,,,,,,,,,
PSEUDOCHYDORUS GLOBOSUS,ARTHROPODA,BRANCHIOPODA,PHYLLOPODA,DIPLOSTRACA,CLADOCERA,CHYDORIDAE,,PSEUDOCHYDORUS,GLOBOSUS,,,,,,,,,,,,,,,,
PSEUDODIAPTOMUS FORBESI,ARTHROPODA,MAXILLOPODA,COPEPODA,CALANOIDA,,PSEUDODIAPTOMIDAE,,PSEUDODIAPTOMUS,FORBESI,,,,,,,,,,,,,,,,
PSEUDOSIDA BIDENTATA,ARTHROPODA,BRANCHIOPODA,PHYLLOPODA,DIPLOSTRACA,CLADOCERA,SIDIDAE,,PSEUDOSIDA,BIDENTATA,,,,,,,,,,,,,,,,
PTYGURA,ROTIFERA,EUROTATORIA,MONOGONONTA,FLOSCULARIACEAE,,FLOSCULARIIDAE,,PTYGURA,,,,,,,,,,,,,,,,,
PTYGURA BRACHIATA,ROTIFERA,EUROTATORIA,MONOGONONTA,FLOSCULARIACEAE,,FLOSCULARIIDAE,,PTYGURA,BRACHIATA,,,,,,,,,,,,,,,,
PTYGURA LIBERA,ROTIFERA,EUROTATORIA,MONOGONONTA,FLOSCULARIACEAE,,FLOSCULARIIDAE,,PTYGURA,LIBERA,,,,,,,,,,,,,,,,
ROTARIA,ROTIFERA,EUROTATORIA,BDELLOIDEA,,,PHILODINIDAE,,ROTARIA,,,,,,,,,,,,,,,,,
ROTARIA NEPTUNIA,ROTIFERA,EUROTATORIA,BDELLOIDEA,,,PHILODINIDAE,,ROTARIA,NEPTUNIA,,,,,,,,,,,,,,,,
ROTARIA SOCIALIS,ROTIFERA,EUROTATORIA,BDELLOIDEA,,,PHILODINIDAE,,ROTARIA,SOCIALIS,,,,,,,,,,,,,,,,
ROTIFERA,ROTIFERA,,,,,,,,,,,,,,,,,,,,,,,,
SCAPHOLEBERIS KINGI,ARTHROPODA,BRANCHIOPODA,PHYLLOPODA,DIPLOSTRACA,CLADOCERA,DAPHNIIDAE,,SCAPHOLEBERIS,KINGI,,,,,,,,,,,,,,,,
SCAPHOLEBERIS MUCRONATA,ARTHROPODA,BRANCHIOPODA,PHYLLOPODA,DIPLOSTRACA,CLADOCERA,DAPHNIIDAE,,SCAPHOLEBERIS,MUCRONATA,,,,,,,,,,,,,,,,
SCARIDIUM LONGICAUDUM,ROTIFERA,EUROTATORIA,MONOGONONTA,PLOIMA,,SCARIDIIDAE,,SCARIDIUM,LONGICAUDUM,,,,,,,,,,,,,,,,
SIDA CRYSTALLINA,ARTHROPODA,BRANCHIOPODA,PHYLLOPODA,DIPLOSTRACA,CLADOCERA,SIDIDAE,,SIDA,CRYSTALLINA,,,,,,,,,,,,,,,,
SIMOCEPHALUS,ARTHROPODA,BRANCHIOPODA,PHYLLOPODA,DIPLOSTRACA,CLADOCERA,DAPHNIIDAE,,SIMOCEPHALUS,,,,,,,,,,,,,,,,,
SIMOCEPHALUS SERRULATUS,ARTHROPODA,BRANCHIOPODA,PHYLLOPODA,DIPLOSTRACA,CLADOCERA,DAPHNIIDAE,,SIMOCEPHALUS,SERRULATUS,,,,,,,,,,,,,,,,
SIMOCEPHALUS VETULUS,ARTHROPODA,BRANCHIOPODA,PHYLLOPODA,DIPLOSTRACA,CLADOCERA,DAPHNIIDAE,,SIMOCEPHALUS,VETULUS,,,,,,,,,,,,,,,,
SINANTHERINA SEMIBULLATA,ROTIFERA,EUROTATORIA,MONOGONONTA,FLOSCULARIACEAE,,FLOSCULARIIDAE,,SINANTHERINA,SEMIBULLATA,,,,,,,,,,,,,,,,
SINOCALANUS DOERRI,ARTHROPODA,MAXILLOPODA,COPEPODA,CALANOIDA,,CENTROPAGIDAE,,SINOCALANUS,DOERRI,,,,,,,,,,,,,,,,
SKISTODIAPTOMUS,ARTHROPODA,MAXILLOPODA,COPEPODA,CALANOIDA,,DIAPTOMIDAE,,SKISTODIAPTOMUS,,,,,,,,,,,,,,,,,
SKISTODIAPTOMUS CAROLINENSIS,ARTHROPODA,MAXILLOPODA,COPEPODA,CALANOIDA,,DIAPTOMIDAE,,SKISTODIAPTOMUS,CAROLINENSIS,,,,,,,,,,,,,,,,
SKISTODIAPTOMUS MISSISSIPPIENSIS,ARTHROPODA,MAXILLOPODA,COPEPODA,CALANOIDA,,DIAPTOMIDAE,,SKISTODIAPTOMUS,MISSISSIPPIENSIS,,,,,,,,,,,,,,,,
SKISTODIAPTOMUS OREGONENSIS,ARTHROPODA,MAXILLOPODA,COPEPODA,CALANOIDA,,DIAPTOMIDAE,,SKISTODIAPTOMUS,OREGONENSIS,,,,,,,,,,,,,,,,
SKISTODIAPTOMUS PALLIDUS,ARTHROPODA,MAXILLOPODA,COPEPODA,CALANOIDA,,DIAPTOMIDAE,,SKISTODIAPTOMUS,PALLIDUS,,,,,,,,,,,,,,,,
SKISTODIAPTOMUS PYGMAEUS,ARTHROPODA,MAXILLOPODA,COPEPODA,CALANOIDA,,DIAPTOMIDAE,,SKISTODIAPTOMUS,PYGMAEUS,,,,,,,,,,,,,,,,
SKISTODIAPTOMUS REIGHARDI,ARTHROPODA,MAXILLOPODA,COPEPODA,CALANOIDA,,DIAPTOMIDAE,,SKISTODIAPTOMUS,REIGHARDI,,,,,,,,,,,,,,,,
SKISTODIAPTOMUS SINUATUS,ARTHROPODA,MAXILLOPODA,COPEPODA,CALANOIDA,,DIAPTOMIDAE,,SKISTODIAPTOMUS,SINUATUS,,,,,,,,,,,,,,,,
SQUATINELLA MUTICA,ROTIFERA,EUROTATORIA,MONOGONONTA,PLOIMA,,LEPADELLIDAE,,SQUATINELLA,MUTICA,,,,,,,,,,,,,,,,
SQUATINELLA ROSTRUM ROSTRUM,ROTIFERA,EUROTATORIA,MONOGONONTA,PLOIMA,,LEPADELLIDAE,,SQUATINELLA,ROSTRUM,ROSTRUM,,,,,,,,,,,,,,,
STREBLOCERUS SERRICAUDATUS,ARTHROPODA,BRANCHIOPODA,PHYLLOPODA,DIPLOSTRACA,CLADOCERA,MACROTHRICIDAE,,STREBLOCERUS,SERRICAUDATUS,,,,,,,,,,,,,,,,
SYNCHAETA,ROTIFERA,EUROTATORIA,MONOGONONTA,PLOIMA,,SYNCHAETIDAE,,SYNCHAETA,,,,,,,,,,,,,,,,,
SYNCHAETA BICORNIS,ROTIFERA,EUROTATORIA,MONOGONONTA,PLOIMA,,SYNCHAETIDAE,,SYNCHAETA,BICORNIS,,,,,,,,,,,,,,,,
SYNCHAETA KITINA,ROTIFERA,EUROTATORIA,MONOGONONTA,PLOIMA,,SYNCHAETIDAE,,SYNCHAETA,KITINA,,,,,,,,,,,,,,,,
SYNCHAETA LAKOWITZIANA,ROTIFERA,EUROTATORIA,MONOGONONTA,PLOIMA,,SYNCHAETIDAE,,SYNCHAETA,LAKOWITZIANA,,,,,,,,,,,,,,,,
SYNCHAETA LONGIPES,ROTIFERA,EUROTATORIA,MONOGONONTA,PLOIMA,,SYNCHAETIDAE,,SYNCHAETA,LONGIPES,,,,,,,,,,,,,,,,
SYNCHAETA OBLONGA,ROTIFERA,EUROTATORIA,MONOGONONTA,PLOIMA,,SYNCHAETIDAE,,SYNCHAETA,OBLONGA,,,,,,,,,,,,,,,,
SYNCHAETA PECTINATA,ROTIFERA,EUROTATORIA,MONOGONONTA,PLOIMA,,SYNCHAETIDAE,,SYNCHAETA,PECTINATA,,,,,,,,,,,,,,,,
SYNCHAETA STYLATA,ROTIFERA,EUROTATORIA,MONOGONONTA,PLOIMA,,SYNCHAETIDAE,,SYNCHAETA,STYLATA,,,,,,,,,,,,,,,,
TESTUDINELLA,ROTIFERA,EUROTATORIA,MONOGONONTA,FLOSCULARIACEAE,,TESTUDINELLIDAE,,TESTUDINELLA,,,,,,,,,,,,,,,,,
TESTUDINELLA MUCRONATA,ROTIFERA,EUROTATORIA,MONOGONONTA,FLOSCULARIACEAE,,TESTUDINELLIDAE,,TESTUDINELLA,MUCRONATA,,,,,,,,,,,,,,,,
TESTUDINELLA PARVA,ROTIFERA,EUROTATORIA,MONOGONONTA,FLOSCULARIACEAE,,TESTUDINELLIDAE,,TESTUDINELLA,PARVA,,,,,,,,,,,,,,,,
TESTUDINELLA PARVA PARVA,ROTIFERA,EUROTATORIA,MONOGONONTA,FLOSCULARIACEAE,,TESTUDINELLIDAE,,TESTUDINELLA,PARVA,PARVA,,,,,,,,,,,,,,,
TESTUDINELLA PATINA,ROTIFERA,EUROTATORIA,MONOGONONTA,FLOSCULARIACEAE,,TESTUDINELLIDAE,,TESTUDINELLA,PATINA,,,,,,,,,,,,,,,,
TESTUDINELLA TRIDENTATA,ROTIFERA,EUROTATORIA,MONOGONONTA,FLOSCULARIACEAE,,TESTUDINELLIDAE,,TESTUDINELLA,TRIDENTATA,,,,,,,,,,,,,,,,
TREMATODA,PLATYHELMINTHES,TREMATODA,,,,,,,,,,,,,,,,,,,,,,,
TRICHOCERCA,ROTIFERA,EUROTATORIA,MONOGONONTA,PLOIMA,,TRICHOCERCIDAE,,TRICHOCERCA,,,,,,,,,,,,,,,,,
TRICHOCERCA BICRISTATA,ROTIFERA,EUROTATORIA,MONOGONONTA,PLOIMA,,TRICHOCERCIDAE,,TRICHOCERCA,BICRISTATA,,,,,,,,,,,,,,,,
TRICHOCERCA CAPUCINA,ROTIFERA,EUROTATORIA,MONOGONONTA,PLOIMA,,TRICHOCERCIDAE,,TRICHOCERCA,CAPUCINA,,,,,,,,,,,,,,,,
TRICHOCERCA COLLARIS,ROTIFERA,EUROTATORIA,MONOGONONTA,PLOIMA,,TRICHOCERCIDAE,,TRICHOCERCA,COLLARIS,,,,,,,,,,,,,,,,
TRICHOCERCA CYLINDRICA,ROTIFERA,EUROTATORIA,MONOGONONTA,PLOIMA,,TRICHOCERCIDAE,,TRICHOCERCA,CYLINDRICA,,,,,,,,,,,,,,,,
TRICHOCERCA DIXON-NUTTALLI,ROTIFERA,EUROTATORIA,MONOGONONTA,PLOIMA,,TRICHOCERCIDAE,,TRICHOCERCA,DIXON-NUTTALLI,,,,,,,,,,,,,,,,
TRICHOCERCA ELONGATA,ROTIFERA,EUROTATORIA,MONOGONONTA,PLOIMA,,TRICHOCERCIDAE,,TRICHOCERCA,ELONGATA,,,,,,,,,,,,,,,,
TRICHOCERCA FLAGELLATA,ROTIFERA,EUROTATORIA,MONOGONONTA,PLOIMA,,TRICHOCERCIDAE,,TRICHOCERCA,FLAGELLATA,,,,,,,,,,,,,,,,
TRICHOCERCA GRACILIS,ROTIFERA,EUROTATORIA,MONOGONONTA,PLOIMA,,TRICHOCERCIDAE,,TRICHOCERCA,GRACILIS,,,,,,,,,,,,,,,,
TRICHOCERCA INERMIS,ROTIFERA,EUROTATORIA,MONOGONONTA,PLOIMA,,TRICHOCERCIDAE,,TRICHOCERCA,INERMIS,,,,,,,,,,,,,,,,
TRICHOCERCA LATA,ROTIFERA,EUROTATORIA,MONOGONONTA,PLOIMA,,TRICHOCERCIDAE,,TRICHOCERCA,LATA,,,,,,,,,,,,,,,,
TRICHOCERCA LONGISETA,ROTIFERA,EUROTATORIA,MONOGONONTA,PLOIMA,,TRICHOCERCIDAE,,TRICHOCERCA,LONGISETA,,,,,,,,,,,,,,,,
TRICHOCERCA MOLLIS,ROTIFERA,EUROTATORIA,MONOGONONTA,PLOIMA,,TRICHOCERCIDAE,,TRICHOCERCA,MOLLIS,,,,,,,,,,,,,,,,
TRICHOCERCA MUCOSA,ROTIFERA,EUROTATORIA,MONOGONONTA,PLOIMA,,TRICHOCERCIDAE,,TRICHOCERCA,MUCOSA,,,,,,,,,,,,,,,,
TRICHOCERCA MULTICRINIS,ROTIFERA,EUROTATORIA,MONOGONONTA,PLOIMA,,TRICHOCERCIDAE,,TRICHOCERCA,MULTICRINIS,,,,,,,,,,,,,,,,
TRICHOCERCA MUSCULUS,ROTIFERA,EUROTATORIA,MONOGONONTA,PLOIMA,,TRICHOCERCIDAE,,TRICHOCERCA,MUSCULUS,,,,,,,,,,,,,,,,
TRICHOCERCA PORCELLUS,ROTIFERA,EUROTATORIA,MONOGONONTA,PLOIMA,,TRICHOCERCIDAE,,TRICHOCERCA,PORCELLUS,,,,,,,,,,,,,,,,
TRICHOCERCA PUSILLA,ROTIFERA,EUROTATORIA,MONOGONONTA,PLOIMA,,TRICHOCERCIDAE,,TRICHOCERCA,PUSILLA,,,,,,,,,,,,,,,,
TRICHOCERCA RATTUS,ROTIFERA,EUROTATORIA,MONOGONONTA,PLOIMA,,TRICHOCERCIDAE,,TRICHOCERCA,RATTUS,,,,,,,,,,,,,,,,
TRICHOCERCA ROSEA,ROTIFERA,EUROTATORIA,MONOGONONTA,PLOIMA,,TRICHOCERCIDAE,,TRICHOCERCA,ROSEA,,,,,,,,,,,,,,,,
TRICHOCERCA ROUSSELETI,ROTIFERA,EUROTATORIA,MONOGONONTA,PLOIMA,,TRICHOCERCIDAE,,TRICHOCERCA,ROUSSELETI,,,,,,,,,,,,,,,,
TRICHOCERCA SIMILIS,ROTIFERA,EUROTATORIA,MONOGONONTA,PLOIMA,,TRICHOCERCIDAE,,TRICHOCERCA,SIMILIS,,,,,,,,,,,,,,,,
TRICHOCERCA STYLATA,ROTIFERA,EUROTATORIA,MONOGONONTA,PLOIMA,,TRICHOCERCIDAE,,TRICHOCERCA,STYLATA,,,,,,,,,,,,,,,,
TRICHOCERCA TENUIOR,ROTIFERA,EUROTATORIA,MONOGONONTA,PLOIMA,,TRICHOCERCIDAE,,TRICHOCERCA,TENUIOR,,,,,,,,,,,,,,,,
TRICHOCERCA TIGRIS,ROTIFERA,EUROTATORIA,MONOGONONTA,PLOIMA,,TRICHOCERCIDAE,,TRICHOCERCA,TIGRIS,,,,,,,,,,,,,,,,
TRICHOCERCA WEBERI,ROTIFERA,EUROTATORIA,MONOGONONTA,PLOIMA,,TRICHOCERCIDAE,,TRICHOCERCA,WEBERI,,,,,,,,,,,,,,,,
TRICHOTRIA,ROTIFERA,EUROTATORIA,MONOGONONTA,PLOIMA,,TRICHOTRIIDAE,,TRICHOTRIA,,,,,,,,,,,,,,,,,
TRICHOTRIA POCILLUM,ROTIFERA,EUROTATORIA,MONOGONONTA,PLOIMA,,TRICHOTRIIDAE,,TRICHOTRIA,POCILLUM,,,,,,,,,,,,,,,,
TRICHOTRIA TETRACTIS,ROTIFERA,EUROTATORIA,MONOGONONTA,PLOIMA,,TRICHOTRIIDAE,,TRICHOTRIA,TETRACTIS,,,,,,,,,,,,,,,,
TRICHOTRIA TETRACTIS SIMILIS,ROTIFERA,EUROTATORIA,MONOGONONTA,PLOIMA,,TRICHOTRIIDAE,,TRICHOTRIA,TETRACTIS,SIMILIS,,,,,,,,,,,,,,,
TROCHOSPHAERA SOLSTITIALIS,ROTIFERA,EUROTATORIA,MONOGONONTA,FLOSCULARIACEAE,,TROCHOSPHAERIDAE,,TROCHOSPHAERA,SOLSTITIALIS,,,,,,,,,,,,,,,,
TROPOCYCLOPS PRASINUS,ARTHROPODA,MAXILLOPODA,COPEPODA,CYCLOPOIDA,,CYCLOPIDAE,,TROPOCYCLOPS,PRASINUS,,,,,,,,,,,,,,,,
TROPOCYCLOPS PRASINUS MEXICANUS,ARTHROPODA,MAXILLOPODA,COPEPODA,CYCLOPOIDA,,CYCLOPIDAE,,TROPOCYCLOPS,PRASINUS,MEXICANUS,,,,,,,,,,,,,,,
UCA,ARTHROPODA,MALACOSTRACA,EUMALACOSTRACA,DECAPODA,PLEOCYEMATA,OCYPODOIDAE,,UCA,,,,,,,,,,,,,,,,,
WLASSICSIA KINISTINENSIS,ARTHROPODA,BRANCHIOPODA,PHYLLOPODA,DIPLOSTRACA,CLADOCERA,MACROTHRICIDAE,,WLASSICSIA,KINISTINENSIS,,,,,,,,,,,,,,,,
WOLGA SPINIFERA,ROTIFERA,EUROTATORIA,MONOGONONTA,PLOIMA,,TRICHOTRIIDAE,,WOLGA,SPINIFERA,,,,,,,,,,,,,,,,
ACARI,ARTHROPODA,ARACHNIDA,ACARI,,,,,,,,,,,,,,,,,,,,,,
BOSMINOPSIS,ARTHROPODA,BRANCHIOPODA,PHYLLOPODA,DIPLOSTRACA,CLADOCERA,BOSMINIDAE,,BOSMINOPSIS,,,,,,,,,,,,,,,,,
BRACHIONUS LEYDIGI,ROTIFERA,EUROTATORIA,MONOGONONTA,PLOIMA,,BRACHIONIDAE,,BRACHIONUS,LEYDIGI,,,,,,,,,,,,,,,,
BRACHIONUS PTERODINOIDES,ROTIFERA,EUROTATORIA,MONOGONONTA,PLOIMA,,BRACHIONIDAE,,BRACHIONUS,PTERODINOIDES,,,,,,,,,,,,,,,,
BRACHIONUS URCEOLARIS COMPLEX,ROTIFERA,EUROTATORIA,MONOGONONTA,PLOIMA,,BRACHIONIDAE,,BRACHIONUS,URCEOLARIS COMPLEX,,,,,,,,,,,,,,,,
BYTHOTREPHES,ARTHROPODA,BRANCHIOPODA,PHYLLOPODA,DIPLOSTRACA,CLADOCERA,CERCOPAGIDIDAE,,,,,,,,,,,,,,,,,,,
CENTROPAGIDAE,ARTHROPODA,MAXILLOPODA,COPEPODA,CALANOIDA,,CENTROPAGIDAE,,,,,,,,,,,,,,,,,,,
CERCOPAGIS,ARTHROPODA,BRANCHIOPODA,PHYLLOPODA,DIPLOSTRACA,CLADOCERA,CERCOPAGIDIDAE,,CERCOPAGIS,,,,,,,,,,,,,,,,,
CHAOBORUS ALBIPES,ARTHROPODA,INSECTA,PTERYGOTA,DIPTERA,NEMATOCERA,CHAOBORIDAE,CHAOBORINAE,CHAOBORUS,ALBIPES,,,,,,,,,,,,,,,,
CHAOBORUS AMERICANUS,ARTHROPODA,INSECTA,PTERYGOTA,DIPTERA,NEMATOCERA,CHAOBORIDAE,CHAOBORINAE,CHAOBORUS,AMERICANUS,,,,,,,,,,,,,,,,
CHAOBORUS FLAVICANS,ARTHROPODA,INSECTA,PTERYGOTA,DIPTERA,NEMATOCERA,CHAOBORIDAE,CHAOBORINAE,CHAOBORUS,FLAVICANS,,,,,,,,,,,,,,,,
CHAOBORUS FLAVICANS/PUNCTIPENNIS,ARTHROPODA,INSECTA,PTERYGOTA,DIPTERA,NEMATOCERA,CHAOBORIDAE,CHAOBORINAE,CHAOBORUS,FLAVICANS/PUNCTIPENNIS,,,,,,,,,,,,,,,,
CHAOBORUS PUNCTIPENNIS,ARTHROPODA,INSECTA,PTERYGOTA,DIPTERA,NEMATOCERA,CHAOBORIDAE,CHAOBORINAE,CHAOBORUS,PUNCTIPENNIS,,,,,,,,,,,,,,,,
COLLOTHECIDAE,ROTIFERA,EUROTATORIA,MONOGONONTA,COLLOTHECACEAE,,COLLOTHECIDAE,,,,,,,,,,,,,,,,,,,
CONOCHILIDAE,ROTIFERA,EUROTATORIA,MONOGONONTA,FLOSCULARIACEAE,,CONOCHILIDAE,,,,,,,,,,,,,,,,,,,
CYCLOPIDAE,ARTHROPODA,MAXILLOPODA,COPEPODA,CYCLOPOIDA,,CYCLOPIDAE,,,,,,,,,,,,,,,,,,,
DAPHNIA CATAWBA/PULEX COMPLEX,ARTHROPODA,BRANCHIOPODA,PHYLLOPODA,DIPLOSTRACA,CLADOCERA,DAPHNIIDAE,,DAPHNIA,CATAWBA/PULEX COMPLEX,,,,,,,,,,,,,,,,
DAPHNIA CTENODAPHNIA COMPLEX,ARTHROPODA,BRANCHIOPODA,PHYLLOPODA,DIPLOSTRACA,CLADOCERA,DAPHNIIDAE,,DAPHNIA,CTENODAPHNIA COMPLEX,,,,,,,,,,,,,,,,
DAPHNIA MENDOTAE COMPLEX,ARTHROPODA,BRANCHIOPODA,PHYLLOPODA,DIPLOSTRACA,CLADOCERA,DAPHNIIDAE,,DAPHNIA,MENDOTAE COMPLEX,,,,,,,,,,,,,,,,
EPIPHANIDAE,ROTIFERA,EUROTATORIA,MONOGONONTA,PLOIMA,,EPIPHANIDAE,,,,,,,,,,,,,,,,,,,
EURYCERCUS,ARTHROPODA,BRANCHIOPODA,PHYLLOPODA,DIPLOSTRACA,CLADOCERA,CHYDORIDAE,,EURYCERCUS,,,,,,,,,,,,,,,,,
HOLOPEDIUM AMAZONICUM,ARTHROPODA,BRANCHIOPODA,PHYLLOPODA,DIPLOSTRACA,CLADOCERA,HOLOPEDIIDAE,,HOLOPEDIUM,,,,,,,,,,,,,,,,,
KERATELLA CCEO,ROTIFERA,EUROTATORIA,MONOGONONTA,PLOIMA,,BRACHIONIDAE,,KERATELLA,,,,,,,,,,,,,,,,,
KERATELLA CHUSSA,ROTIFERA,EUROTATORIA,MONOGONONTA,PLOIMA,,BRACHIONIDAE,,KERATELLA,,,,,,,,,,,,,,,,,
KERATELLA IRREGULARIS,ROTIFERA,EUROTATORIA,MONOGONONTA,PLOIMA,,BRACHIONIDAE,,KERATELLA,,,,,,,,,,,,,,,,,
LATONA,ARTHROPODA,BRANCHIOPODA,PHYLLOPODA,DIPLOSTRACA,CLADOCERA,SIDIDAE,,LATONA,,,,,,,,,,,,,,,,,
LECANIDAE,ROTIFERA,EUROTATORIA,MONOGONONTA,PLOIMA,,LECANIDAE,,,,,,,,,,,,,,,,,,,
LEPTODORA,ARTHROPODA,BRANCHIOPODA,PHYLLOPODA,DIPLOSTRACA,CLADOCERA,LEPTODORIDAE,,LEPTODORA,,,,,,,,,,,,,,,,,
LIMNIAS,ROTIFERA,EUROTATORIA,MONOGONONTA,FLOSCULARIACEAE,,FLOSCULARIIDAE,,LIMNIAS,,,,,,,,,,,,,,,,,
MACROTHRICIDAE,ARTHROPODA,BRANCHIOPODA,PHYLLOPODA,DIPLOSTRACA,CLADOCERA,MACROTHRICIDAE,,,,,,,,,,,,,,,,,,,
MONOMMATA,ROTIFERA,EUROTATORIA,MONOGONONTA,PLOIMA,,NOTOMMATIDAE,,MONOMMATA,,,,,,,,,,,,,,,,,
MYSIS RELICTA,ARTHROPODA,MALACOSTRACA,EUMALACOSTRACA,MYSIDA,,MYSIDAE,,MYSIS,RELICTA,,,,,,,,,,,,,,,,
PLATYIAS,ROTIFERA,EUROTATORIA,MONOGONONTA,PLOIMA,,BRACHIONIDAE,,PLATYIAS,,,,,,,,,,,,,,,,,
POLYPHEMUS,ARTHROPODA,BRANCHIOPODA,PHYLLOPODA,DIPLOSTRACA,CLADOCERA,POLYPHEMIDAE,,POLYPHEMUS,,,,,,,,,,,,,,,,,
POMPHOLYX,ROTIFERA,EUROTATORIA,MONOGONONTA,FLOSCULARIACEAE,,TESTUDINELLIDAE,,POMPHOLYX,,,,,,,,,,,,,,,,,
PROSTIGMATA,ARTHROPODA,ARACHNIDA,ACARI,TROMBIDIFORMES,PROSTIGMATA,,,,,,,,,,,,,,,,,,,,
RESTICULA,ROTIFERA,EUROTATORIA,MONOGONONTA,PLOIMA,,NOTOMMATIDAE,,RESTICULA,,,,,,,,,,,,,,,,,
SCAPHOLEBERIS,ARTHROPODA,BRANCHIOPODA,PHYLLOPODA,DIPLOSTRACA,CLADOCERA,DAPHNIIDAE,,SCAPHOLEBERIS,,,,,,,,,,,,,,,,,
SIDA,ARTHROPODA,BRANCHIOPODA,PHYLLOPODA,DIPLOSTRACA,CLADOCERA,SIDIDAE,,SIDA,,,,,,,,,,,,,,,,,
SINANTHERINA,ROTIFERA,EUROTATORIA,MONOGONONTA,FLOSCULARIACEAE,,FLOSCULARIIDAE,,SINANTHERINA,,,,,,,,,,,,,,,,,
TEMORIDAE,ARTHROPODA,MAXILLOPODA,COPEPODA,CALANOIDA,,TEMORIDAE,,,,,,,,,,,,,,,,,,,
TYLOTROCHA,ROTIFERA,EUROTATORIA,MONOGONONTA,PLOIMA,,NOTOMMATIDAE,,TYLOTROCHA,,,,,,,,,,,,,,,,,
WIERZEJSKIELLA,ROTIFERA,EUROTATORIA,MONOGONONTA,PLOIMA,,DICRANOPHORIDAE,,WIERZEJSKIELLA,,,,,,,,,,,,,,,,,
WOLGA,ROTIFERA,EUROTATORIA,MONOGONONTA,PLOIMA,,TRICHOTRIIDAE,,WOLGA,,,,,,,,,,,,,,,,,
ARTEMIA,ARTHROPODA,BRANCHIOPODA,,ANOSTRACA,,ARTEMIIDAE,,ARTEMIA,,,,,,,,,,,,,,,,,
CERATOPOGONIDAE,ARTHROPODA,INSECTA,,DIPTERA,,CERATOPOGONIDAE,,,,,,,,,,,,,,,,,,,
CHIRONOMIDAE,ARTHROPODA,INSECTA,,DIPTERA,,CHIRONOMIDAE,,,,,,,,,,,,,,,,,,,
GAMMARIDAE,ARTHROPODA,MALACOSTRACA,,AMPHIPODA,,GAMMARIDAE,,,,,,,,,,,,,,,,,,,
HYGROBATES,ARTHROPODA,ARACHNIDA,,TROMBIDIFORMES,,HYGROBATIDAE,,HYGROBATES,,,,,,,,,,,,,,,,,
UNIONICOLA,ARTHROPODA,ARACHNIDA,,TROMBIDIFORMES,,UNIONICOLIDAE,,UNIONICOLA,,,,,,,,,,,,,,,,,
BRACHIONUS DIVERSICORNIS,ROTIFERA,EUROTATORIA,MONOGONONTA,PLOIMA,,BRACHIONIDAE,,BRACHIONUS,DIVERSICORNIS,,,,,,,,,,,,,,,,
LECANE ELASMA,ROTIFERA,EUROTATORIA,MONOGONONTA,PLOIMA,,LECANIDAE,,LECANE,ELASMA,,,,,,,,,,,,,,,,
LECANE NANA,ROTIFERA,EUROTATORIA,MONOGONONTA,PLOIMA,,LECANIDAE,,LECANE,NANA,,,,,,,,,,,,,,,,
LECANE SOLA,ROTIFERA,EUROTATORIA,MONOGONONTA,PLOIMA,,LECANIDAE,,LECANE,SOLA,,,,,,,,,,,,,,,,
LECANE STOKESI,ROTIFERA,EUROTATORIA,MONOGONONTA,PLOIMA,,LECANIDAE,,LECANE,STOKESI,,,,,,,,,,,,,,,,
MACROCHAETUS MULTISPINOSUS,ROTIFERA,EUROTATORIA,MONOGONONTA,PLOIMA,,TRICHOTRIIDAE,,MACROCHAETUS,MULTISPINOSUS,,,,,,,,,,,,,,,,
MICROCYCLOPS,ARTHROPODA,MAXILLOPODA,COPEPODA,CYCLOPOIDA,,CYCLOPIDAE,,MICROCYCLOPS,,,,,,,,,,,,,,,,,
TRICHOCERCA LOPHOESSA,ROTIFERA,EUROTATORIA,MONOGONONTA,PLOIMA,,TRICHOCERCIDAE,,TRICHOCERCA,LOPHOESSA,,,,,,,,,,,,,,,,
TRICHOCERCA PLATESSA,ROTIFERA,EUROTATORIA,MONOGONONTA,PLOIMA,,TRICHOCERCIDAE,,TRICHOCERCA,PLATESSA,,,,,,,,,,,,,,,,
ALONA INTERMEDIA,ARTHROPODA,BRANCHIOPODA,PHYLLOPODA,DIPLOSTRACA,CLADOCERA,CHYDORIDAE,,ALONA,INTERMEDIA,,,,,,,,,,,,,,,,
ALONELLA DENTIFERA,ARTHROPODA,BRANCHIOPODA,PHYLLOPODA,DIPLOSTRACA,CLADOCERA,CHYDORIDAE,,ALONA,DENTIFERA,,,,,,,,,,,,,,,,
ALONELLA NANA,ARTHROPODA,BRANCHIOPODA,PHYLLOPODA,DIPLOSTRACA,CLADOCERA,CHYDORIDAE,,ALONELLA,NANA,,,,,,,,,,,,,,,,
ANCHISTROPUS MINOR,ARTHROPODA,BRANCHIOPODA,PHYLLOPODA,DIPLOSTRACA,CLADOCERA,CHYDORIDAE,,ANCHISTROPUS,MINOR,,,,,,,,,,,,,,,,
ARCTODIAPTOMUS,ARTHROPODA,MAXILLOPODA,COPEPODA,CALANOIDA,,DIAPTOMIDAE,,ARCTODIAPTOMUS,,,,,,,,,,,,,,,,,
CERIODAPHNIA RIGAUDI,ARTHROPODA,BRANCHIOPODA,PHYLLOPODA,DIPLOSTRACA,CLADOCERA,DAPHNIIDAE,,CERIODAPHNIA,RIGAUDI,,,,,,,,,,,,,,,,
CHYDORUS OVALIS,ARTHROPODA,BRANCHIOPODA,PHYLLOPODA,DIPLOSTRACA,CLADOCERA,CHYDORIDAE,,CHYDORUS,OVALIS,,,,,,,,,,,,,,,,
DISPARALONA ACUTIROSTRIS,ARTHROPODA,BRANCHIOPODA,PHYLLOPODA,DIPLOSTRACA,CLADOCERA,CHYDORIDAE,,DISPARALONA,ACUTIROSTRIS,,,,,,,,,,,,,,,,
DISPARALONA DADAYI,ARTHROPODA,BRANCHIOPODA,PHYLLOPODA,DIPLOSTRACA,CLADOCERA,CHYDORIDAE,,DISPARALONA,DADAYI,,,,,,,,,,,,,,,,
ERGASILUS CELESTIS,ARTHROPODA,MAXILLOPODA,COPEPODA,POECILOSTOMATOIDA,,ERGASILIDAE,,ERGASILUS,CELESTIS,,,,,,,,,,,,,,,,
EUCYCLOPS CONROWAE,ARTHROPODA,MAXILLOPODA,COPEPODA,CYCLOPOIDA,,CYCLOPIDAE,,EUCYCLOPS,CONROWAE,,,,,,,,,,,,,,,,
HESPERODIAPTOMUS SHOSHONE,ARTHROPODA,MAXILLOPODA,COPEPODA,CALANOIDA,,DIAPTOMIDAE,,HESPERODIAPTOMUS,SHOSHONE,,,,,,,,,,,,,,,,
LEYDIGIA ACANTHOCERCOIDES,ARTHROPODA,BRANCHIOPODA,PHYLLOPODA,DIPLOSTRACA,CLADOCERA,CHYDORIDAE,,LEYDIGIA,ACANTHOCERCOIDES,,,,,,,,,,,,,,,,
LEYDIGIA LEYDIGI,ARTHROPODA,BRANCHIOPODA,PHYLLOPODA,DIPLOSTRACA,CLADOCERA,CHYDORIDAE,,LEYDIGIA,LEYDIGI,,,,,,,,,,,,,,,,
MICROCYCLOPS DUBITABILIS,ARTHROPODA,MAXILLOPODA,COPEPODA,CYCLOPOIDA,,CYCLOPIDAE,,MICROCYCLOPS,DUBITABILIS,,,,,,,,,,,,,,,,
MONOSPILUS DISPAR,ARTHROPODA,BRANCHIOPODA,PHYLLOPODA,DIPLOSTRACA,CLADOCERA,CHYDORIDAE,,MONOSPILUS,DISPAR,,,,,,,,,,,,,,,,
OITHONA,ARTHROPODA,MAXILLOPODA,COPEPODA,CYCLOPOIDA,,OITHONIDAE,,OITHONIA,,,,,,,,,,,,,,,,,
PARALONA PIGRA,ARTHROPODA,BRANCHIOPODA,PHYLLOPODA,DIPLOSTRACA,CLADOCERA,CHYDORIDAE,,PARALONA,PIGRA,,,,,,,,,,,,,,,,
PLEUROXUS HASTATUS,ARTHROPODA,BRANCHIOPODA,PHYLLOPODA,DIPLOSTRACA,CLADOCERA,CHYDORIDAE,,PLEUROXUS,HASTATUS,,,,,,,,,,,,,,,,
RHYNCHOTALONA FALCATA,ARTHROPODA,BRANCHIOPODA,PHYLLOPODA,DIPLOSTRACA,CLADOCERA,CHYDORIDAE,,RHYNCHOTALONA,FALCATA,,,,,,,,,,,,,,,,
SIMOCEPHALUS EXSPINOSUS,ARTHROPODA,BRANCHIOPODA,PHYLLOPODA,DIPLOSTRACA,CLADOCERA,DAPHNIIDAE,,SIMOCEPHALUS,EXSPINOSUS,,,,,,,,,,,,,,,,
THERMOCYCLOPS CRASSUS,ARTHROPODA,MAXILLOPODA,COPEPODA,CYCLOPOIDA,,CYCLOPIDAE,,THERMACYCLOPS,CRASSUS,,,,,,,,,,,,,,,,
DIACYCLOPS,ARTHROPODA,MAXILLOPODA,COPEPODA,CYCLOPOIDA,,CYCLOPIDAE,,DIACYCLOPS,,,,,,,,,,,,,,,,,
CALANOID,ARTHROPODA,MAXILLOPODA,COPEPODA,CALANOIDA,,,,,,,,,,,,,,,,,,,,,
CYCLOPOID,ARTHROPODA,MAXILLOPODA,COPEPODA,CYCLOPOIDA,,,,,,,,,,,,,,,,,,,,,
HARPACTICOID,ARTHROPODA,MAXILLOPODA,COPEPODA,HARPACTICOIDA,,,,,,,,,,,,,,,,,,,,,
HETEROCOPE,ARTHROPODA,MAXILLOPODA,COPEPODA,CALANOIDA,CLADOCERA,TEMORIDAE,,HETEROCOPE,,,,,,,,,,,,,,,,,
LIMNOCALANUS,ARTHROPODA,MAXILLOPODA,COPEPODA,CALANOIDA,CLADOCERA,CENTROPAGIDAE,,LIMNOCALANUS,,,,,,,,,,,,,,,,,
OSTRACOD,ARTHROPODA,OSTRACODA,,,,,,,,,,,,,,,,,,,,,,,
SENECELLA,ARTHROPODA,MAXILLOPODA,COPEPODA,CALANOIDA,CLADOCERA,AETIDEiDAE,,SENECELLA,,,,,,,,,,,,,,,,,
NO ORGANISMS IN SAMPLE,,,,,,,,,,,,,,,,,,,,,,,,,
,,,,,,,,,,,,,,,,,,,,,,,,,
,,,,,,,,,,,,,,,,,,,,,,,,,
,,,,,,,,,,,,,,,,,,,,,,,,,
,,,,,,,,,,,,,,,,,,,,,,,,,
,,,,,,,,,,,,,,,,,,,,,,,,,
,,,,,,,,,,,,,,,,,,,,,,,,,
,,,,,,,,,,,,,,,,,,,,,,,,,
,,,,,,,,,,,,,,,,,,,,,,,,,
,,,,,,,,,,,,,,,,,,,,,,,,,
,,,,,,,,,,,,,,,,,,,,,,,,,
,,,,,,,,,,,,,,,,,,,,,,,,,
,,,,,,,,,,,,,,,,,,,,,,,,,
,,,,,,,,,,,,,,,,,,,,,,,,,
,,,,,,,,,,,,,,,,,,,,,,,,,
,,,,,,,,,,,,,,,,,,,,,,,,,
,,,,,,,,,,,,,,,,,,,,,,,,,
,,,,,,,,,,,,,,,,,,,,,,,,,
,,,,,,,,,,,,,,,,,,,,,,,,,
,,,,,,,,,,,,,,,,,,,,,,,,,
,,,,,,,,,,,,,,,,,,,,,,,,,
,,,,,,,,,,,,,,,,,,,,,,,,,
,,,,,,,,,,,,,,,,,,,,,,,,,
,,,,,,,,,,,,,,,,,,,,,,,,,
,,,,,,,,,,,,,,,,,,,,,,,,,
,,,,,,,,,,,,,,,,,,,,,,,,,
,,,,,,,,,,,,,,,,,,,,,,,,,
,,,,,,,,,,,,,,,,,,,,,,,,,
,,,,,,,,,,,,,,,,,,,,,,,,,
,,,,,,,,,,,,,,,,,,,,,,,,,
,,,,,,,,,,,,,,,,,,,,,,,,,
,,,,,,,,,,,,,,,,,,,,,,,,,
,,,,,,,,,,,,,,,,,,,,,,,,,
,,,,,,,,,,,,,,,,,,,,,,,,,
,,,,,,,,,,,,,,,,,,,,,,,,,
,,,,,,,,,,,,,,,,,,,,,,,,,
,,,,,,,,,,,,,,,,,,,,,,,,,
,,,,,,,,,,,,,,,,,,,,,,,,,
,,,,,,,,,,,,,,,,,,,,,,,,,
,,,,,,,,,,,,,,,,,,,,,,,,,
,,,,,,,,,,,,,,,,,,,,,,,,,
,,,,,,,,,,,,,,,,,,,,,,,,,
,,,,,,,,,,,,,,,,,,,,,,,,,
,,,,,,,,,,,,,,,,,,,,,,,,,
,,,,,,,,,,,,,,,,,,,,,,,,,
,,,,,,,,,,,,,,,,,,,,,,,,,
,,,,,,,,,,,,,,,,,,,,,,,,,
,,,,,,,,,,,,,,,,,,,,,,,,,
,,,,,,,,,,,,,,,,,,,,,,,,,
,,,,,,,,,,,,,,,,,,,,,,,,,
,,,,,,,,,,,,,,,,,,,,,,,,,
,,,,,,,,,,,,,,,,,,,,,,,,,
,,,,,,,,,,,,,,,,,,,,,,,,,
,,,,,,,,,,,,,,,,,,,,,,,,,
,,,,,,,,,,,,,,,,,,,,,,,,,
,,,,,,,,,,,,,,,,,,,,,,,,,
,,,,,,,,,,,,,,,,,,,,,,,,,
,,,,,,,,,,,,,,,,,,,,,,,,,
,,,,,,,,,,,,,,,,,,,,,,,,,
,,,,,,,,,,,,,,,,,,,,,,,,,
,,,,,,,,,,,,,,,,,,,,,,,,,
,,,,,,,,,,,,,,,,,,,,,,,,,
,,,,,,,,,,,,,,,,,,,,,,,,,
,,,,,,,,,,,,,,,,,,,,,,,,,
,,,,,,,,,,,,,,,,,,,,,,,,,
,,,,,,,,,,,,,,,,,,,,,,,,,
,,,,,,,,,,,,,,,,,,,,,,,,,
,,,,,,,,,,,,,,,,,,,,,,,,,
,,,,,,,,,,,,,,,,,,,,,,,,,
,,,,,,,,,,,,,,,,,,,,,,,,,
,,,,,,,,,,,,,,,,,,,,,,,,,
,,,,,,,,,,,,,,,,,,,,,,,,,
,,,,,,,,,,,,,,,,,,,,,,,,,
,,,,,,,,,,,,,,,,,,,,,,,,,
,,,,,,,,,,,,,,,,,,,,,,,,,
,,,,,,,,,,,,,,,,,,,,,,,,,
,,,,,,,,,,,,,,,,,,,,,,,,,
,,,,,,,,,,,,,,,,,,,,,,,,,
,,,,,,,,,,,,,,,,,,,,,,,,,
,,,,,,,,,,,,,,,,,,,,,,,,,
,,,,,,,,,,,,,,,,,,,,,,,,,
,,,,,,,,,,,,,,,,,,,,,,,,,
,,,,,,,,,,,,,,,,,,,,,,,,,
,,,,,,,,,,,,,,,,,,,,,,,,,
,,,,,,,,,,,,,,,,,,,,,,,,,
,,,,,,,,,,,,,,,,,,,,,,,,,
,,,,,,,,,,,,,,,,,,,,,,,,,
,,,,,,,,,,,,,,,,,,,,,,,,,
,,,,,,,,,,,,,,,,,,,,,,,,,
,,,,,,,,,,,,,,,,,,,,,,,,,
,,,,,,,,,,,,,,,,,,,,,,,,,
,,,,,,,,,,,,,,,,,,,,,,,,,
,,,,,,,,,,,,,,,,,,,,,,,,,
,,,,,,,,,,,,,,,,,,,,,,,,,
,,,,,,,,,,,,,,,,,,,,,,,,,
,,,,,,,,,,,,,,,,,,,,,,,,,
,,,,,,,,,,,,,,,,,,,,,,,,,
,,,,,,,,,,,,,,,,,,,,,,,,,
,,,,,,,,,,,,,,,,,,,,,,,,,
,,,,,,,,,,,,,,,,,,,,,,,,,
,,,,,,,,,,,,,,,,,,,,,,,,,
,,,,,,,,,,,,,,,,,,,,,,,,,
,,,,,,,,,,,,,,,,,,,,,,,,,
,,,,,,,,,,,,,,,,,,,,,,,,,
,,,,,,,,,,,,,,,,,,,,,,,,,
,,,,,,,,,,,,,,,,,,,,,,,,,
,,,,,,,,,,,,,,,,,,,,,,,,,
,,,,,,,,,,,,,,,,,,,,,,,,,
,,,,,,,,,,,,,,,,,,,,,,,,,
,,,,,,,,,,,,,,,,,,,,,,,,,
,,,,,,,,,,,,,,,,,,,,,,,,,
,,,,,,,,,,,,,,,,,,,,,,,,,
,,,,,,,,,,,,,,,,,,,,,,,,,
,,,,,,,,,,,,,,,,,,,,,,,,,
,,,,,,,,,,,,,,,,,,,,,,,,,
,,,,,,,,,,,,,,,,,,,,,,,,,
,,,,,,,,,,,,,,,,,,,,,,,,,
,,,,,,,,,,,,,,,,,,,,,,,,,
,,,,,,,,,,,,,,,,,,,,,,,,,
,,,,,,,,,,,,,,,,,,,,,,,,,
,,,,,,,,,,,,,,,,,,,,,,,,,
,,,,,,,,,,,,,,,,,,,,,,,,,
,,,,,,,,,,,,,,,,,,,,,,,,,
,,,,,,,,,,,,,,,,,,,,,,,,,
,,,,,,,,,,,,,,,,,,,,,,,,,
,,,,,,,,,,,,,,,,,,,,,,,,,
,,,,,,,,,,,,,,,,,,,,,,,,,
,,,,,,,,,,,,,,,,,,,,,,,,,
,,,,,,,,,,,,,,,,,,,,,,,,,
,,,,,,,,,,,,,,,,,,,,,,,,,
,,,,,,,,,,,,,,,,,,,,,,,,,
,,,,,,,,,,,,,,,,,,,,,,,,,
,,,,,,,,,,,,,,,,,,,,,,,,,
,,,,,,,,,,,,,,,,,,,,,,,,,
,,,,,,,,,,,,,,,,,,,,,,,,,
,,,,,,,,,,,,,,,,,,,,,,,,,
,,,,,,,,,,,,,,,,,,,,,,,,,
,,,,,,,,,,,,,,,,,,,,,,,,,
,,,,,,,,,,,,,,,,,,,,,,,,,
,,,,,,,,,,,,,,,,,,,,,,,,,
,,,,,,,,,,,,,,,,,,,,,,,,,
,,,,,,,,,,,,,,,,,,,,,,,,,
,,,,,,,,,,,,,,,,,,,,,,,,,
,,,,,,,,,,,,,,,,,,,,,,,,,
,,,,,,,,,,,,,,,,,,,,,,,,,
,,,,,,,,,,,,,,,,,,,,,,,,,
,,,,,,,,,,,,,,,,,,,,,,,,,
,,,,,,,,,,,,,,,,,,,,,,,,,
,,,,,,,,,,,,,,,,,,,,,,,,,
,,,,,,,,,,,,,,,,,,,,,,,,,
,,,,,,,,,,,,,,,,,,,,,,,,,
,,,,,,,,,,,,,,,,,,,,,,,,,
,,,,,,,,,,,,,,,,,,,,,,,,,
,,,,,,,,,,,,,,,,,,,,,,,,,
,,,,,,,,,,,,,,,,,,,,,,,,,
,,,,,,,,,,,,,,,,,,,,,,,,,
,,,,,,,,,,,,,,,,,,,,,,,,,
,,,,,,,,,,,,,,,,,,,,,,,,,
,,,,,,,,,,,,,,,,,,,,,,,,,
,,,,,,,,,,,,,,,,,,,,,,,,,
,,,,,,,,,,,,,,,,,,,,,,,,,
,,,,,,,,,,,,,,,,,,,,,,,,,
,,,,,,,,,,,,,,,,,,,,,,,,,
,,,,,,,,,,,,,,,,,,,,,,,,,
,,,,,,,,,,,,,,,,,,,,,,,,,
,,,,,,,,,,,,,,,,,,,,,,,,,
,,,,,,,,,,,,,,,,,,,,,,,,,
,,,,,,,,,,,,,,,,,,,,,,,,,
,,,,,,,,,,,,,,,,,,,,,,,,,
,,,,,,,,,,,,,,,,,,,,,,,,,
,,,,,,,,,,,,,,,,,,,,,,,,,
,,,,,,,,,,,,,,,,,,,,,,,,,
,,,,,,,,,,,,,,,,,,,,,,,,,
,,,,,,,,,,,,,,,,,,,,,,,,,
,,,,,,,,,,,,,,,,,,,,,,,,,
,,,,,,,,,,,,,,,,,,,,,,,,,
,,,,,,,,,,,,,,,,,,,,,,,,,
,,,,,,,,,,,,,,,,,,,,,,,,,
,,,,,,,,,,,,,,,,,,,,,,,,,
,,,,,,,,,,,,,,,,,,,,,,,,,
,,,,,,,,,,,,,,,,,,,,,,,,,
,,,,,,,,,,,,,,,,,,,,,,,,,
,,,,,,,,,,,,,,,,,,,,,,,,,
,,,,,,,,,,,,,,,,,,,,,,,,,
,,,,,,,,,,,,,,,,,,,,,,,,,
,,,,,,,,,,,,,,,,,,,,,,,,,
,,,,,,,,,,,,,,,,,,,,,,,,,
,,,,,,,,,,,,,,,,,,,,,,,,,
,,,,,,,,,,,,,,,,,,,,,,,,,
,,,,,,,,,,,,,,,,,,,,,,,,,
,,,,,,,,,,,,,,,,,,,,,,,,,
,,,,,,,,,,,,,,,,,,,,,,,,,
,,,,,,,,,,,,,,,,,,,,,,,,,
,,,,,,,,,,,,,,,,,,,,,,,,,
,,,,,,,,,,,,,,,,,,,,,,,,,
,,,,,,,,,,,,,,,,,,,,,,,,,
,,,,,,,,,,,,,,,,,,,,,,,,,
,,,,,,,,,,,,,,,,,,,,,,,,,
,,,,,,,,,,,,,,,,,,,,,,,,,
,,,,,,,,,,,,,,,,,,,,,,,,,
,,,,,,,,,,,,,,,,,,,,,,,,,
,,,,,,,,,,,,,,,,,,,,,,,,,
,,,,,,,,,,,,,,,,,,,,,,,,,
,,,,,,,,,,,,,,,,,,,,,,,,,
,,,,,,,,,,,,,,,,,,,,,,,,,
,,,,,,,,,,,,,,,,,,,,,,,,,
,,,,,,,,,,,,,,,,,,,,,,,,,
,,,,,,,,,,,,,,,,,,,,,,,,,
,,,,,,,,,,,,,,,,,,,,,,,,,
,,,,,,,,,,,,,,,,,,,,,,,,,
,,,,,,,,,,,,,,,,,,,,,,,,,
,,,,,,,,,,,,,,,,,,,,,,,,,
,,,,,,,,,,,,,,,,,,,,,,,,,
,,,,,,,,,,,,,,,,,,,,,,,,,
,,,,,,,,,,,,,,,,,,,,,,,,,
,,,,,,,,,,,,,,,,,,,,,,,,,
,,,,,,,,,,,,,,,,,,,,,,,,,
,,,,,,,,,,,,,,,,,,,,,,,,,
,,,,,,,,,,,,,,,,,,,,,,,,,
,,,,,,,,,,,,,,,,,,,,,,,,,
,,,,,,,,,,,,,,,,,,,,,,,,,
,,,,,,,,,,,,,,,,,,,,,,,,,
,,,,,,,,,,,,,,,,,,,,,,,,,
,,,,,,,,,,,,,,,,,,,,,,,,,
,,,,,,,,,,,,,,,,,,,,,,,,,
,,,,,,,,,,,,,,,,,,,,,,,,,
,,,,,,,,,,,,,,,,,,,,,,,,,
,,,,,,,,,,,,,,,,,,,,,,,,,
,,,,,,,,,,,,,,,,,,,,,,,,,
,,,,,,,,,,,,,,,,,,,,,,,,,
,,,,,,,,,,,,,,,,,,,,,,,,,
,,,,,,,,,,,,,,,,,,,,,,,,,
,,,,,,,,,,,,,,,,,,,,,,,,,
,,,,,,,,,,,,,,,,,,,,,,,,,
,,,,,,,,,,,,,,,,,,,,,,,,,
,,,,,,,,,,,,,,,,,,,,,,,,,
,,,,,,,,,,,,,,,,,,,,,,,,,
,,,,,,,,,,,,,,,,,,,,,,,,,
,,,,,,,,,,,,,,,,,,,,,,,,,
,,,,,,,,,,,,,,,,,,,,,,,,,
,,,,,,,,,,,,,,,,,,,,,,,,,
,,,,,,,,,,,,,,,,,,,,,,,,,
,,,,,,,,,,,,,,,,,,,,,,,,,
,,,,,,,,,,,,,,,,,,,,,,,,,
,,,,,,,,,,,,,,,,,,,,,,,,,
,,,,,,,,,,,,,,,,,,,,,,,,,
,,,,,,,,,,,,,,,,,,,,,,,,,
,,,,,,,,,,,,,,,,,,,,,,,,,
,,,,,,,,,,,,,,,,,,,,,,,,,
,,,,,,,,,,,,,,,,,,,,,,,,,
,,,,,,,,,,,,,,,,,,,,,,,,,
,,,,,,,,,,,,,,,,,,,,,,,,,
,,,,,,,,,,,,,,,,,,,,,,,,,
,,,,,,,,,,,,,,,,,,,,,,,,,
,,,,,,,,,,,,,,,,,,,,,,,,,
,,,,,,,,,,,,,,,,,,,,,,,,,
,,,,,,,,,,,,,,,,,,,,,,,,,
,,,,,,,,,,,,,,,,,,,,,,,,,
,,,,,,,,,,,,,,,,,,,,,,,,,
,,,,,,,,,,,,,,,,,,,,,,,,,
,,,,,,,,,,,,,,,,,,,,,,,,,
,,,,,,,,,,,,,,,,,,,,,,,,,
,,,,,,,,,,,,,,,,,,,,,,,,,
,,,,,,,,,,,,,,,,,,,,,,,,,
,,,,,,,,,,,,,,,,,,,,,,,,,
,,,,,,,,,,,,,,,,,,,,,,,,,
,,,,,,,,,,,,,,,,,,,,,,,,,
,,,,,,,,,,,,,,,,,,,,,,,,,
,,,,,,,,,,,,,,,,,,,,,,,,,
,,,,,,,,,,,,,,,,,,,,,,,,,
,,,,,,,,,,,,,,,,,,,,,,,,,
,,,,,,,,,,,,,,,,,,,,,,,,,
,,,,,,,,,,,,,,,,,,,,,,,,,
,,,,,,,,,,,,,,,,,,,,,,,,,
,,,,,,,,,,,,,,,,,,,,,,,,,
,,,,,,,,,,,,,,,,,,,,,,,,,
,,,,,,,,,,,,,,,,,,,,,,,,,
,,,,,,,,,,,,,,,,,,,,,,,,,
,,,,,,,,,,,,,,,,,,,,,,,,,
,,,,,,,,,,,,,,,,,,,,,,,,,
,,,,,,,,,,,,,,,,,,,,,,,,,
,,,,,,,,,,,,,,,,,,,,,,,,,
,,,,,,,,,,,,,,,,,,,,,,,,,
,,,,,,,,,,,,,,,,,,,,,,,,,
,,,,,,,,,,,,,,,,,,,,,,,,,
,,,,,,,,,,,,,,,,,,,,,,,,,
,,,,,,,,,,,,,,,,,,,,,,,,,
,,,,,,,,,,,,,,,,,,,,,,,,,
,,,,,,,,,,,,,,,,,,,,,,,,,
,,,,,,,,,,,,,,,,,,,,,,,,,
,,,,,,,,,,,,,,,,,,,,,,,,,
,,,,,,,,,,,,,,,,,,,,,,,,,
,,,,,,,,,,,,,,,,,,,,,,,,,
,,,,,,,,,,,,,,,,,,,,,,,,,
,,,,,,,,,,,,,,,,,,,,,,,,,
,,,,,,,,,,,,,,,,,,,,,,,,,
,,,,,,,,,,,,,,,,,,,,,,,,,
,,,,,,,,,,,,,,,,,,,,,,,,,
,,,,,,,,,,,,,,,,,,,,,,,,,
,,,,,,,,,,,,,,,,,,,,,,,,,
,,,,,,,,,,,,,,,,,,,,,,,,,
,,,,,,,,,,,,,,,,,,,,,,,,,
,,,,,,,,,,,,,,,,,,,,,,,,,
,,,,,,,,,,,,,,,,,,,,,,,,,
,,,,,,,,,,,,,,,,,,,,,,,,,
,,,,,,,,,,,,,,,,,,,,,,,,,
,,,,,,,,,,,,,,,,,,,,,,,,,
,,,,,,,,,,,,,,,,,,,,,,,,,
,,,,,,,,,,,,,,,,,,,,,,,,,
,,,,,,,,,,,,,,,,,,,,,,,,,
,,,,,,,,,,,,,,,,,,,,,,,,,
,,,,,,,,,,,,,,,,,,,,,,,,,
,,,,,,,,,,,,,,,,,,,,,,,,,
,,,,,,,,,,,,,,,,,,,,,,,,,
,,,,,,,,,,,,,,,,,,,,,,,,,
,,,,,,,,,,,,,,,,,,,,,,,,,
,,,,,,,,,,,,,,,,,,,,,,,,,
,,,,,,,,,,,,,,,,,,,,,,,,,
,,,,,,,,,,,,,,,,,,,,,,,,,
,,,,,,,,,,,,,,,,,,,,,,,,,
,,,,,,,,,,,,,,,,,,,,,,,,,
,,,,,,,,,,,,,,,,,,,,,,,,,
,,,,,,,,,,,,,,,,,,,,,,,,,
,,,,,,,,,,,,,,,,,,,,,,,,,
,,,,,,,,,,,,,,,,,,,,,,,,,
,,,,,,,,,,,,,,,,,,,,,,,,,
,,,,,,,,,,,,,,,,,,,,,,,,,
,,,,,,,,,,,,,,,,,,,,,,,,,
,,,,,,,,,,,,,,,,,,,,,,,,,
,,,,,,,,,,,,,,,,,,,,,,,,,
,,,,,,,,,,,,,,,,,,,,,,,,,
,,,,,,,,,,,,,,,,,,,,,,,,,
,,,,,,,,,,,,,,,,,,,,,,,,,
,,,,,,,,,,,,,,,,,,,,,,,,,
,,,,,,,,,,,,,,,,,,,,,,,,,
,,,,,,,,,,,,,,,,,,,,,,,,,
,,,,,,,,,,,,,,,,,,,,,,,,,
,,,,,,,,,,,,,,,,,,,,,,,,,
,,,,,,,,,,,,,,,,,,,,,,,,,
,,,,,,,,,,,,,,,,,,,,,,,,,
,,,,,,,,,,,,,,,,,,,,,,,,,
,,,,,,,,,,,,,,,,,,,,,,,,,
,,,,,,,,,,,,,,,,,,,,,,,,,
,,,,,,,,,,,,,,,,,,,,,,,,,
,,,,,,,,,,,,,,,,,,,,,,,,,
,,,,,,,,,,,,,,,,,,,,,,,,,
,,,,,,,,,,,,,,,,,,,,,,,,,
,,,,,,,,,,,,,,,,,,,,,,,,,
,,,,,,,,,,,,,,,,,,,,,,,,,
,,,,,,,,,,,,,,,,,,,,,,,,,
,,,,,,,,,,,,,,,,,,,,,,,,,
,,,,,,,,,,,,,,,,,,,,,,,,,
,,,,,,,,,,,,,,,,,,,,,,,,,
,,,,,,,,,,,,,,,,,,,,,,,,,
,,,,,,,,,,,,,,,,,,,,,,,,,
,,,,,,,,,,,,,,,,,,,,,,,,,
,,,,,,,,,,,,,,,,,,,,,,,,,
,,,,,,,,,,,,,,,,,,,,,,,,,
,,,,,,,,,,,,,,,,,,,,,,,,,
,,,,,,,,,,,,,,,,,,,,,,,,,
,,,,,,,,,,,,,,,,,,,,,,,,,
,,,,,,,,,,,,,,,,,,,,,,,,,
,,,,,,,,,,,,,,,,,,,,,,,,,
,,,,,,,,,,,,,,,,,,,,,,,,,
,,,,,,,,,,,,,,,,,,,,,,,,,
,,,,,,,,,,,,,,,,,,,,,,,,,
,,,,,,,,,,,,,,,,,,,,,,,,,
,,,,,,,,,,,,,,,,,,,,,,,,,
,,,,,,,,,,,,,,,,,,,,,,,,,
,,,,,,,,,,,,,,,,,,,,,,,,,
,,,,,,,,,,,,,,,,,,,,,,,,,
,,,,,,,,,,,,,,,,,,,,,,,,,
,,,,,,,,,,,,,,,,,,,,,,,,,
,,,,,,,,,,,,,,,,,,,,,,,,,
,,,,,,,,,,,,,,,,,,,,,,,,,
,,,,,,,,,,,,,,,,,,,,,,,,,
,,,,,,,,,,,,,,,,,,,,,,,,,
,,,,,,,,,,,,,,,,,,,,,,,,,
,,,,,,,,,,,,,,,,,,,,,,,,,
,,,,,,,,,,,,,,,,,,,,,,,,,
,,,,,,,,,,,,,,,,,,,,,,,,,
,,,,,,,,,,,,,,,,,,,,,,,,,
,,,,,,,,,,,,,,,,,,,,,,,,,
,,,,,,,,,,,,,,,,,,,,,,,,,
,,,,,,,,,,,,,,,,,,,,,,,,,
,,,,,,,,,,,,,,,,,,,,,,,,,
,,,,,,,,,,,,,,,,,,,,,,,,,
,,,,,,,,,,,,,,,,,,,,,,,,,
,,,,,,,,,,,,,,,,,,,,,,,,,
,,,,,,,,,,,,,,,,,,,,,,,,,
,,,,,,,,,,,,,,,,,,,,,,,,,
,,,,,,,,,,,,,,,,,,,,,,,,,
,,,,,,,,,,,,,,,,,,,,,,,,,
,,,,,,,,,,,,,,,,,,,,,,,,,
,,,,,,,,,,,,,,,,,,,,,,,,,
,,,,,,,,,,,,,,,,,,,,,,,,,
,,,,,,,,,,,,,,,,,,,,,,,,,
,,,,,,,,,,,,,,,,,,,,,,,,,
,,,,,,,,,,,,,,,,,,,,,,,,,
,,,,,,,,,,,,,,,,,,,,,,,,,
,,,,,,,,,,,,,,,,,,,,,,,,,
,,,,,,,,,,,,,,,,,,,,,,,,,
,,,,,,,,,,,,,,,,,,,,,,,,,
,,,,,,,,,,,,,,,,,,,,,,,,,
,,,,,,,,,,,,,,,,,,,,,,,,,
,,,,,,,,,,,,,,,,,,,,,,,,,
,,,,,,,,,,,,,,,,,,,,,,,,,
,,,,,,,,,,,,,,,,,,,,,,,,,
,,,,,,,,,,,,,,,,,,,,,,,,,
,,,,,,,,,,,,,,,,,,,,,,,,,
,,,,,,,,,,,,,,,,,,,,,,,,,
,,,,,,,,,,,,,,,,,,,,,,,,,